2026-06-08 12:58:41,247 - INFO - Namespace(device_id=None, dataset='Cdataset', BERT_emb=False, LLM_emb=False, saved_path='../result\\GCN\\Cdataset_graph_ae_ChemBERTa_5000_0.4_128\\0', seed=0, nfold=5, epoch=5000, learning_rate=0.01, weight_decay=0.0, patience=100, feature_type='ChemBERTa', concatenate_type='graph_ae', hidden_feats=128, dropout=0.4, drug_in_feats=768, disease_in_feats=768, exp_name='GCN', dr_fingerprint=False, dis_prot_assoc=True)
2026-06-08 12:58:41,247 - INFO - Training on CPU
2026-06-08 12:58:41,921 - INFO - 5-Cross Validation: Fold 1
2026-06-08 12:58:42,452 - INFO - (Graph(num_nodes={'disease': 409, 'drug': 663},
      num_edges={('disease', 'di_di', 'disease'): 6507, ('disease', 'di_dr', 'drug'): 2532, ('drug', 'dr_di', 'disease'): 2532, ('drug', 'dr_dr', 'drug'): 10582},
      metagraph=[('disease', 'disease', 'di_di'), ('disease', 'drug', 'di_dr'), ('drug', 'disease', 'dr_di'), ('drug', 'drug', 'dr_dr')]), Graph(num_nodes={'disease': 409, 'drug': 663},
      num_edges={('disease', 'di_di', 'disease'): 6219, ('disease', 'di_dr', 'drug'): 2532, ('drug', 'dr_di', 'disease'): 2532, ('drug', 'dr_dr', 'drug'): 10132},
      metagraph=[('disease', 'disease', 'di_di'), ('disease', 'drug', 'di_dr'), ('drug', 'disease', 'dr_di'), ('drug', 'drug', 'dr_dr')]))
2026-06-08 12:58:42,724 - INFO - Number of total training samples: 216933, pos samples: 2025, neg samples: 214908
2026-06-08 12:58:42,724 - INFO - Number of total testing samples: 54234, pos samples: 507, neg samples: 53727
2026-06-08 12:58:46,103 - INFO - Loss pos weight: 106.127
2026-06-08 12:59:42,409 - INFO - Epoch 50 Loss: 0.610; Train AUC 0.944; AUC 0.834; AUPR: 0.075
2026-06-08 13:00:40,568 - INFO - Epoch 100 Loss: 0.446; Train AUC 0.973; AUC 0.871; AUPR: 0.121
2026-06-08 13:01:36,206 - INFO - Epoch 150 Loss: 0.297; Train AUC 0.984; AUC 0.882; AUPR: 0.193
2026-06-08 13:02:31,285 - INFO - Epoch 200 Loss: 0.248; Train AUC 0.989; AUC 0.892; AUPR: 0.237
2026-06-08 13:03:27,874 - INFO - Epoch 250 Loss: 0.220; Train AUC 0.991; AUC 0.897; AUPR: 0.259
2026-06-08 13:04:23,153 - INFO - Epoch 300 Loss: 0.188; Train AUC 0.993; AUC 0.890; AUPR: 0.266
2026-06-08 13:05:17,976 - INFO - Epoch 350 Loss: 0.177; Train AUC 0.993; AUC 0.893; AUPR: 0.275
2026-06-08 13:06:11,746 - INFO - Epoch 400 Loss: 0.163; Train AUC 0.994; AUC 0.897; AUPR: 0.349
2026-06-08 13:07:04,676 - INFO - Epoch 450 Loss: 0.162; Train AUC 0.994; AUC 0.898; AUPR: 0.280
2026-06-08 13:07:57,979 - INFO - Epoch 500 Loss: 0.151; Train AUC 0.995; AUC 0.901; AUPR: 0.333
2026-06-08 13:08:51,739 - INFO - Epoch 550 Loss: 0.152; Train AUC 0.995; AUC 0.905; AUPR: 0.301
2026-06-08 13:09:45,610 - INFO - Epoch 600 Loss: 0.134; Train AUC 0.996; AUC 0.902; AUPR: 0.332
2026-06-08 13:10:38,351 - INFO - Epoch 650 Loss: 0.121; Train AUC 0.997; AUC 0.908; AUPR: 0.368
2026-06-08 13:11:32,869 - INFO - Epoch 700 Loss: 0.127; Train AUC 0.996; AUC 0.905; AUPR: 0.376
2026-06-08 13:12:25,114 - INFO - Epoch 750 Loss: 0.123; Train AUC 0.996; AUC 0.905; AUPR: 0.361
2026-06-08 13:13:16,902 - INFO - Epoch 800 Loss: 0.115; Train AUC 0.997; AUC 0.894; AUPR: 0.408
2026-06-08 13:14:08,890 - INFO - Epoch 850 Loss: 0.108; Train AUC 0.997; AUC 0.907; AUPR: 0.374
2026-06-08 13:15:00,566 - INFO - Epoch 900 Loss: 0.107; Train AUC 0.997; AUC 0.902; AUPR: 0.397
2026-06-08 13:15:52,521 - INFO - Epoch 950 Loss: 0.109; Train AUC 0.997; AUC 0.908; AUPR: 0.342
2026-06-08 13:16:44,395 - INFO - Epoch 1000 Loss: 0.102; Train AUC 0.997; AUC 0.906; AUPR: 0.399
2026-06-08 13:17:36,300 - INFO - Epoch 1050 Loss: 0.101; Train AUC 0.997; AUC 0.894; AUPR: 0.381
2026-06-08 13:18:28,545 - INFO - Epoch 1100 Loss: 0.104; Train AUC 0.997; AUC 0.902; AUPR: 0.358
2026-06-08 13:19:20,440 - INFO - Epoch 1150 Loss: 0.094; Train AUC 0.998; AUC 0.897; AUPR: 0.427
2026-06-08 13:20:12,023 - INFO - Epoch 1200 Loss: 0.092; Train AUC 0.998; AUC 0.897; AUPR: 0.371
2026-06-08 13:21:03,847 - INFO - Epoch 1250 Loss: 0.091; Train AUC 0.998; AUC 0.883; AUPR: 0.433
2026-06-08 13:21:55,745 - INFO - Epoch 1300 Loss: 0.097; Train AUC 0.998; AUC 0.904; AUPR: 0.397
2026-06-08 13:22:47,959 - INFO - Epoch 1350 Loss: 0.093; Train AUC 0.998; AUC 0.900; AUPR: 0.424
2026-06-08 13:23:40,388 - INFO - Epoch 1400 Loss: 0.087; Train AUC 0.998; AUC 0.895; AUPR: 0.391
2026-06-08 13:24:32,456 - INFO - Epoch 1450 Loss: 0.084; Train AUC 0.998; AUC 0.891; AUPR: 0.445
2026-06-08 13:25:24,920 - INFO - Epoch 1500 Loss: 0.091; Train AUC 0.998; AUC 0.896; AUPR: 0.387
2026-06-08 13:26:17,212 - INFO - Epoch 1550 Loss: 0.074; Train AUC 0.998; AUC 0.894; AUPR: 0.419
2026-06-08 13:27:12,884 - INFO - Epoch 1600 Loss: 0.083; Train AUC 0.998; AUC 0.880; AUPR: 0.433
2026-06-08 13:28:05,486 - INFO - Epoch 1650 Loss: 0.085; Train AUC 0.998; AUC 0.887; AUPR: 0.384
2026-06-08 13:28:58,128 - INFO - Epoch 1700 Loss: 0.072; Train AUC 0.998; AUC 0.886; AUPR: 0.384
2026-06-08 13:29:50,743 - INFO - Epoch 1750 Loss: 0.073; Train AUC 0.998; AUC 0.889; AUPR: 0.429
2026-06-08 13:30:43,402 - INFO - Epoch 1800 Loss: 0.073; Train AUC 0.999; AUC 0.885; AUPR: 0.438
2026-06-08 13:31:37,066 - INFO - Epoch 1850 Loss: 0.072; Train AUC 0.998; AUC 0.899; AUPR: 0.422
2026-06-08 13:32:31,021 - INFO - Epoch 1900 Loss: 0.073; Train AUC 0.998; AUC 0.894; AUPR: 0.417
2026-06-08 13:33:24,156 - INFO - Epoch 1950 Loss: 0.069; Train AUC 0.999; AUC 0.884; AUPR: 0.420
2026-06-08 13:34:18,090 - INFO - Epoch 2000 Loss: 0.076; Train AUC 0.998; AUC 0.886; AUPR: 0.451
2026-06-08 13:35:12,594 - INFO - Epoch 2050 Loss: 0.066; Train AUC 0.999; AUC 0.880; AUPR: 0.412
2026-06-08 13:36:06,619 - INFO - Epoch 2100 Loss: 0.074; Train AUC 0.999; AUC 0.881; AUPR: 0.424
2026-06-08 13:37:02,085 - INFO - Epoch 2150 Loss: 0.075; Train AUC 0.999; AUC 0.879; AUPR: 0.435
2026-06-08 13:37:55,460 - INFO - Epoch 2200 Loss: 0.075; Train AUC 0.998; AUC 0.895; AUPR: 0.385
2026-06-08 13:38:48,937 - INFO - Epoch 2250 Loss: 0.065; Train AUC 0.999; AUC 0.898; AUPR: 0.467
2026-06-08 13:39:42,999 - INFO - Epoch 2300 Loss: 0.067; Train AUC 0.999; AUC 0.896; AUPR: 0.431
2026-06-08 13:40:36,776 - INFO - Epoch 2350 Loss: 0.063; Train AUC 0.999; AUC 0.890; AUPR: 0.429
2026-06-08 13:41:30,389 - INFO - Epoch 2400 Loss: 0.063; Train AUC 0.999; AUC 0.882; AUPR: 0.422
2026-06-08 13:42:23,585 - INFO - Epoch 2450 Loss: 0.060; Train AUC 0.999; AUC 0.889; AUPR: 0.439
2026-06-08 13:43:17,219 - INFO - Epoch 2500 Loss: 0.061; Train AUC 0.999; AUC 0.884; AUPR: 0.464
2026-06-08 13:44:11,135 - INFO - Epoch 2550 Loss: 0.061; Train AUC 0.999; AUC 0.892; AUPR: 0.420
2026-06-08 13:45:03,738 - INFO - Epoch 2600 Loss: 0.062; Train AUC 0.999; AUC 0.894; AUPR: 0.451
2026-06-08 13:45:56,626 - INFO - Epoch 2650 Loss: 0.069; Train AUC 0.999; AUC 0.891; AUPR: 0.416
2026-06-08 13:46:50,186 - INFO - Epoch 2700 Loss: 0.063; Train AUC 0.999; AUC 0.885; AUPR: 0.442
2026-06-08 13:47:43,377 - INFO - Epoch 2750 Loss: 0.060; Train AUC 0.999; AUC 0.886; AUPR: 0.453
2026-06-08 13:48:37,152 - INFO - Epoch 2800 Loss: 0.057; Train AUC 0.999; AUC 0.881; AUPR: 0.418
2026-06-08 13:49:30,427 - INFO - Epoch 2850 Loss: 0.059; Train AUC 0.999; AUC 0.884; AUPR: 0.450
2026-06-08 13:50:23,546 - INFO - Epoch 2900 Loss: 0.061; Train AUC 0.999; AUC 0.880; AUPR: 0.473
2026-06-08 13:51:17,339 - INFO - Epoch 2950 Loss: 0.056; Train AUC 0.999; AUC 0.875; AUPR: 0.446
2026-06-08 13:52:10,671 - INFO - Epoch 3000 Loss: 0.059; Train AUC 0.999; AUC 0.892; AUPR: 0.479
2026-06-08 13:53:04,018 - INFO - Epoch 3050 Loss: 0.061; Train AUC 0.999; AUC 0.899; AUPR: 0.433
2026-06-08 13:53:56,904 - INFO - Epoch 3100 Loss: 0.058; Train AUC 0.999; AUC 0.887; AUPR: 0.448
2026-06-08 13:54:50,378 - INFO - Epoch 3150 Loss: 0.054; Train AUC 0.999; AUC 0.893; AUPR: 0.441
2026-06-08 13:55:43,654 - INFO - Epoch 3200 Loss: 0.061; Train AUC 0.999; AUC 0.888; AUPR: 0.463
2026-06-08 13:56:36,681 - INFO - Epoch 3250 Loss: 0.056; Train AUC 0.999; AUC 0.883; AUPR: 0.449
2026-06-08 13:57:30,088 - INFO - Epoch 3300 Loss: 0.053; Train AUC 0.999; AUC 0.896; AUPR: 0.431
2026-06-08 13:58:23,448 - INFO - Epoch 3350 Loss: 0.056; Train AUC 0.999; AUC 0.896; AUPR: 0.467
2026-06-08 13:59:16,630 - INFO - Epoch 3400 Loss: 0.053; Train AUC 0.999; AUC 0.887; AUPR: 0.435
2026-06-08 14:00:09,895 - INFO - Epoch 3450 Loss: 0.054; Train AUC 0.999; AUC 0.883; AUPR: 0.439
2026-06-08 14:01:03,559 - INFO - Epoch 3500 Loss: 0.054; Train AUC 0.999; AUC 0.877; AUPR: 0.406
2026-06-08 14:01:57,955 - INFO - Epoch 3550 Loss: 0.054; Train AUC 0.999; AUC 0.890; AUPR: 0.440
2026-06-08 14:02:52,763 - INFO - Epoch 3600 Loss: 0.052; Train AUC 0.999; AUC 0.883; AUPR: 0.428
2026-06-08 14:03:48,443 - INFO - Epoch 3650 Loss: 0.053; Train AUC 0.999; AUC 0.891; AUPR: 0.473
2026-06-08 14:04:42,617 - INFO - Epoch 3700 Loss: 0.055; Train AUC 0.999; AUC 0.890; AUPR: 0.471
2026-06-08 14:05:41,233 - INFO - Epoch 3750 Loss: 0.055; Train AUC 0.999; AUC 0.880; AUPR: 0.482
2026-06-08 14:06:38,940 - INFO - Epoch 3800 Loss: 0.051; Train AUC 0.999; AUC 0.873; AUPR: 0.455
2026-06-08 14:07:34,068 - INFO - Epoch 3850 Loss: 0.055; Train AUC 0.999; AUC 0.878; AUPR: 0.425
2026-06-08 14:08:29,963 - INFO - Epoch 3900 Loss: 0.052; Train AUC 0.999; AUC 0.874; AUPR: 0.438
2026-06-08 14:09:25,182 - INFO - Epoch 3950 Loss: 0.049; Train AUC 0.999; AUC 0.890; AUPR: 0.490
2026-06-08 14:10:18,674 - INFO - Epoch 4000 Loss: 0.048; Train AUC 0.999; AUC 0.890; AUPR: 0.465
2026-06-08 14:11:14,776 - INFO - Epoch 4050 Loss: 0.047; Train AUC 0.999; AUC 0.877; AUPR: 0.494
2026-06-08 14:12:09,871 - INFO - Epoch 4100 Loss: 0.047; Train AUC 0.999; AUC 0.870; AUPR: 0.482
2026-06-08 14:13:03,923 - INFO - Epoch 4150 Loss: 0.053; Train AUC 0.999; AUC 0.893; AUPR: 0.485
2026-06-08 14:13:57,081 - INFO - Epoch 4200 Loss: 0.044; Train AUC 0.999; AUC 0.885; AUPR: 0.487
2026-06-08 14:14:49,640 - INFO - Epoch 4250 Loss: 0.051; Train AUC 0.999; AUC 0.882; AUPR: 0.456
2026-06-08 14:15:41,591 - INFO - Epoch 4300 Loss: 0.044; Train AUC 0.999; AUC 0.880; AUPR: 0.470
2026-06-08 14:16:33,897 - INFO - Epoch 4350 Loss: 0.044; Train AUC 0.999; AUC 0.881; AUPR: 0.469
2026-06-08 14:17:25,680 - INFO - Epoch 4400 Loss: 0.051; Train AUC 0.999; AUC 0.880; AUPR: 0.446
2026-06-08 14:18:17,771 - INFO - Epoch 4450 Loss: 0.044; Train AUC 0.999; AUC 0.865; AUPR: 0.469
2026-06-08 14:19:09,650 - INFO - Epoch 4500 Loss: 0.048; Train AUC 0.999; AUC 0.876; AUPR: 0.462
2026-06-08 14:20:01,711 - INFO - Epoch 4550 Loss: 0.045; Train AUC 0.999; AUC 0.894; AUPR: 0.495
2026-06-08 14:20:53,403 - INFO - Epoch 4600 Loss: 0.048; Train AUC 0.999; AUC 0.868; AUPR: 0.483
2026-06-08 14:21:45,569 - INFO - Epoch 4650 Loss: 0.040; Train AUC 0.999; AUC 0.886; AUPR: 0.476
2026-06-08 14:22:38,272 - INFO - Epoch 4700 Loss: 0.046; Train AUC 0.999; AUC 0.893; AUPR: 0.459
2026-06-08 14:23:30,598 - INFO - Epoch 4750 Loss: 0.039; Train AUC 0.999; AUC 0.882; AUPR: 0.499
2026-06-08 14:24:22,308 - INFO - Epoch 4800 Loss: 0.040; Train AUC 0.999; AUC 0.884; AUPR: 0.470
2026-06-08 14:25:14,794 - INFO - Epoch 4850 Loss: 0.044; Train AUC 0.999; AUC 0.879; AUPR: 0.483
2026-06-08 14:26:07,058 - INFO - Epoch 4900 Loss: 0.044; Train AUC 0.999; AUC 0.880; AUPR: 0.457
2026-06-08 14:26:59,242 - INFO - Epoch 4950 Loss: 0.042; Train AUC 0.999; AUC 0.887; AUPR: 0.473
2026-06-08 14:27:51,150 - INFO - Epoch 5000 Loss: 0.042; Train AUC 0.999; AUC 0.884; AUPR: 0.474
2026-06-08 14:27:51,352 - INFO - 5-Cross Validation: Fold 2
2026-06-08 14:27:52,108 - INFO - (Graph(num_nodes={'disease': 409, 'drug': 663},
      num_edges={('disease', 'di_di', 'disease'): 6507, ('disease', 'di_dr', 'drug'): 2532, ('drug', 'dr_di', 'disease'): 2532, ('drug', 'dr_dr', 'drug'): 10582},
      metagraph=[('disease', 'disease', 'di_di'), ('disease', 'drug', 'di_dr'), ('drug', 'disease', 'dr_di'), ('drug', 'drug', 'dr_dr')]), Graph(num_nodes={'disease': 409, 'drug': 663},
      num_edges={('disease', 'di_di', 'disease'): 6219, ('disease', 'di_dr', 'drug'): 2532, ('drug', 'dr_di', 'disease'): 2532, ('drug', 'dr_dr', 'drug'): 10132},
      metagraph=[('disease', 'disease', 'di_di'), ('disease', 'drug', 'di_dr'), ('drug', 'disease', 'dr_di'), ('drug', 'drug', 'dr_dr')]))
2026-06-08 14:27:52,393 - INFO - Number of total training samples: 216933, pos samples: 2025, neg samples: 214908
2026-06-08 14:27:52,394 - INFO - Number of total testing samples: 54234, pos samples: 507, neg samples: 53727
2026-06-08 14:27:52,452 - INFO - Loss pos weight: 106.127
2026-06-08 14:28:44,916 - INFO - Epoch 50 Loss: 0.687; Train AUC 0.932; AUC 0.825; AUPR: 0.055
2026-06-08 14:29:36,940 - INFO - Epoch 100 Loss: 0.480; Train AUC 0.963; AUC 0.853; AUPR: 0.108
2026-06-08 14:30:28,884 - INFO - Epoch 150 Loss: 0.382; Train AUC 0.976; AUC 0.883; AUPR: 0.141
2026-06-08 14:31:20,654 - INFO - Epoch 200 Loss: 0.297; Train AUC 0.984; AUC 0.882; AUPR: 0.200
2026-06-08 14:32:12,544 - INFO - Epoch 250 Loss: 0.242; Train AUC 0.989; AUC 0.888; AUPR: 0.248
2026-06-08 14:33:03,902 - INFO - Epoch 300 Loss: 0.219; Train AUC 0.991; AUC 0.898; AUPR: 0.238
2026-06-08 14:33:55,214 - INFO - Epoch 350 Loss: 0.202; Train AUC 0.992; AUC 0.895; AUPR: 0.230
2026-06-08 14:34:47,697 - INFO - Epoch 400 Loss: 0.191; Train AUC 0.993; AUC 0.893; AUPR: 0.277
2026-06-08 14:35:39,403 - INFO - Epoch 450 Loss: 0.161; Train AUC 0.994; AUC 0.887; AUPR: 0.304
2026-06-08 14:36:31,078 - INFO - Epoch 500 Loss: 0.165; Train AUC 0.994; AUC 0.899; AUPR: 0.320
2026-06-08 14:37:22,658 - INFO - Epoch 550 Loss: 0.154; Train AUC 0.995; AUC 0.903; AUPR: 0.327
2026-06-08 14:38:16,106 - INFO - Epoch 600 Loss: 0.149; Train AUC 0.995; AUC 0.892; AUPR: 0.342
2026-06-08 14:39:08,137 - INFO - Epoch 650 Loss: 0.136; Train AUC 0.996; AUC 0.886; AUPR: 0.328
2026-06-08 14:40:00,005 - INFO - Epoch 700 Loss: 0.130; Train AUC 0.996; AUC 0.903; AUPR: 0.327
2026-06-08 14:40:52,518 - INFO - Epoch 750 Loss: 0.128; Train AUC 0.996; AUC 0.891; AUPR: 0.340
2026-06-08 14:41:44,833 - INFO - Epoch 800 Loss: 0.119; Train AUC 0.996; AUC 0.902; AUPR: 0.340
2026-06-08 14:42:37,827 - INFO - Epoch 850 Loss: 0.123; Train AUC 0.996; AUC 0.891; AUPR: 0.329
2026-06-08 14:43:30,474 - INFO - Epoch 900 Loss: 0.118; Train AUC 0.997; AUC 0.888; AUPR: 0.351
2026-06-08 14:44:23,131 - INFO - Epoch 950 Loss: 0.114; Train AUC 0.997; AUC 0.895; AUPR: 0.397
2026-06-08 14:45:15,644 - INFO - Epoch 1000 Loss: 0.103; Train AUC 0.997; AUC 0.892; AUPR: 0.393
2026-06-08 14:46:07,603 - INFO - Epoch 1050 Loss: 0.103; Train AUC 0.997; AUC 0.895; AUPR: 0.409
2026-06-08 14:46:59,854 - INFO - Epoch 1100 Loss: 0.113; Train AUC 0.997; AUC 0.892; AUPR: 0.338
2026-06-08 14:47:51,815 - INFO - Epoch 1150 Loss: 0.105; Train AUC 0.997; AUC 0.894; AUPR: 0.382
2026-06-08 14:48:44,424 - INFO - Epoch 1200 Loss: 0.101; Train AUC 0.997; AUC 0.888; AUPR: 0.375
2026-06-08 14:49:36,465 - INFO - Epoch 1250 Loss: 0.106; Train AUC 0.997; AUC 0.893; AUPR: 0.341
2026-06-08 14:50:29,309 - INFO - Epoch 1300 Loss: 0.093; Train AUC 0.998; AUC 0.900; AUPR: 0.394
2026-06-08 14:51:21,650 - INFO - Epoch 1350 Loss: 0.093; Train AUC 0.998; AUC 0.895; AUPR: 0.385
2026-06-08 14:52:13,880 - INFO - Epoch 1400 Loss: 0.097; Train AUC 0.998; AUC 0.900; AUPR: 0.400
2026-06-08 14:53:06,140 - INFO - Epoch 1450 Loss: 0.092; Train AUC 0.998; AUC 0.891; AUPR: 0.384
2026-06-08 14:53:58,224 - INFO - Epoch 1500 Loss: 0.092; Train AUC 0.998; AUC 0.887; AUPR: 0.391
2026-06-08 14:54:50,769 - INFO - Epoch 1550 Loss: 0.087; Train AUC 0.998; AUC 0.895; AUPR: 0.400
2026-06-08 14:55:42,951 - INFO - Epoch 1600 Loss: 0.091; Train AUC 0.998; AUC 0.891; AUPR: 0.389
2026-06-08 14:56:35,085 - INFO - Epoch 1650 Loss: 0.095; Train AUC 0.998; AUC 0.890; AUPR: 0.367
2026-06-08 14:57:26,917 - INFO - Epoch 1700 Loss: 0.086; Train AUC 0.998; AUC 0.893; AUPR: 0.419
2026-06-08 14:58:19,046 - INFO - Epoch 1750 Loss: 0.086; Train AUC 0.998; AUC 0.887; AUPR: 0.398
2026-06-08 14:59:11,024 - INFO - Epoch 1800 Loss: 0.078; Train AUC 0.998; AUC 0.898; AUPR: 0.408
2026-06-08 15:00:03,322 - INFO - Epoch 1850 Loss: 0.082; Train AUC 0.998; AUC 0.898; AUPR: 0.417
2026-06-08 15:00:55,516 - INFO - Epoch 1900 Loss: 0.075; Train AUC 0.998; AUC 0.891; AUPR: 0.408
2026-06-08 15:01:47,261 - INFO - Epoch 1950 Loss: 0.085; Train AUC 0.998; AUC 0.896; AUPR: 0.384
2026-06-08 15:02:39,390 - INFO - Epoch 2000 Loss: 0.078; Train AUC 0.998; AUC 0.890; AUPR: 0.424
2026-06-08 15:03:31,932 - INFO - Epoch 2050 Loss: 0.075; Train AUC 0.998; AUC 0.893; AUPR: 0.372
2026-06-08 15:04:24,638 - INFO - Epoch 2100 Loss: 0.075; Train AUC 0.998; AUC 0.880; AUPR: 0.394
2026-06-08 15:05:18,521 - INFO - Epoch 2150 Loss: 0.074; Train AUC 0.998; AUC 0.899; AUPR: 0.425
2026-06-08 15:06:10,405 - INFO - Epoch 2200 Loss: 0.077; Train AUC 0.998; AUC 0.885; AUPR: 0.388
2026-06-08 15:07:04,205 - INFO - Epoch 2250 Loss: 0.071; Train AUC 0.999; AUC 0.893; AUPR: 0.423
2026-06-08 15:07:56,903 - INFO - Epoch 2300 Loss: 0.073; Train AUC 0.999; AUC 0.889; AUPR: 0.422
2026-06-08 15:08:48,522 - INFO - Epoch 2350 Loss: 0.071; Train AUC 0.999; AUC 0.882; AUPR: 0.403
2026-06-08 15:09:40,778 - INFO - Epoch 2400 Loss: 0.070; Train AUC 0.999; AUC 0.889; AUPR: 0.436
2026-06-08 15:10:33,343 - INFO - Epoch 2450 Loss: 0.066; Train AUC 0.999; AUC 0.890; AUPR: 0.403
2026-06-08 15:11:25,745 - INFO - Epoch 2500 Loss: 0.065; Train AUC 0.999; AUC 0.893; AUPR: 0.430
2026-06-08 15:12:19,212 - INFO - Epoch 2550 Loss: 0.065; Train AUC 0.999; AUC 0.882; AUPR: 0.423
2026-06-08 15:13:12,006 - INFO - Epoch 2600 Loss: 0.069; Train AUC 0.999; AUC 0.892; AUPR: 0.408
2026-06-08 15:14:03,969 - INFO - Epoch 2650 Loss: 0.063; Train AUC 0.999; AUC 0.888; AUPR: 0.443
2026-06-08 15:14:56,562 - INFO - Epoch 2700 Loss: 0.065; Train AUC 0.999; AUC 0.878; AUPR: 0.408
2026-06-08 15:15:49,680 - INFO - Epoch 2750 Loss: 0.064; Train AUC 0.999; AUC 0.887; AUPR: 0.443
2026-06-08 15:16:41,397 - INFO - Epoch 2800 Loss: 0.057; Train AUC 0.999; AUC 0.882; AUPR: 0.409
2026-06-08 15:17:33,229 - INFO - Epoch 2850 Loss: 0.064; Train AUC 0.999; AUC 0.889; AUPR: 0.444
2026-06-08 15:18:25,335 - INFO - Epoch 2900 Loss: 0.063; Train AUC 0.999; AUC 0.885; AUPR: 0.419
2026-06-08 15:19:17,054 - INFO - Epoch 2950 Loss: 0.063; Train AUC 0.999; AUC 0.886; AUPR: 0.421
2026-06-08 15:20:09,569 - INFO - Epoch 3000 Loss: 0.055; Train AUC 0.999; AUC 0.888; AUPR: 0.417
2026-06-08 15:21:01,752 - INFO - Epoch 3050 Loss: 0.074; Train AUC 0.999; AUC 0.880; AUPR: 0.448
2026-06-08 15:21:54,600 - INFO - Epoch 3100 Loss: 0.059; Train AUC 0.999; AUC 0.901; AUPR: 0.415
2026-06-08 15:22:46,832 - INFO - Epoch 3150 Loss: 0.062; Train AUC 0.999; AUC 0.890; AUPR: 0.427
2026-06-08 15:23:39,615 - INFO - Epoch 3200 Loss: 0.061; Train AUC 0.999; AUC 0.886; AUPR: 0.452
2026-06-08 15:24:32,140 - INFO - Epoch 3250 Loss: 0.054; Train AUC 0.999; AUC 0.879; AUPR: 0.441
2026-06-08 15:25:25,108 - INFO - Epoch 3300 Loss: 0.059; Train AUC 0.999; AUC 0.887; AUPR: 0.427
2026-06-08 15:26:16,278 - INFO - Epoch 3350 Loss: 0.052; Train AUC 0.999; AUC 0.880; AUPR: 0.434
2026-06-08 15:27:07,418 - INFO - Epoch 3400 Loss: 0.059; Train AUC 0.999; AUC 0.897; AUPR: 0.429
2026-06-08 15:27:59,668 - INFO - Epoch 3450 Loss: 0.054; Train AUC 0.999; AUC 0.885; AUPR: 0.448
2026-06-08 15:28:51,581 - INFO - Epoch 3500 Loss: 0.054; Train AUC 0.999; AUC 0.886; AUPR: 0.454
2026-06-08 15:29:44,126 - INFO - Epoch 3550 Loss: 0.072; Train AUC 0.999; AUC 0.889; AUPR: 0.389
2026-06-08 15:30:36,692 - INFO - Epoch 3600 Loss: 0.049; Train AUC 0.999; AUC 0.890; AUPR: 0.442
2026-06-08 15:31:29,133 - INFO - Epoch 3650 Loss: 0.055; Train AUC 0.999; AUC 0.901; AUPR: 0.463
2026-06-08 15:32:19,963 - INFO - Epoch 3700 Loss: 0.058; Train AUC 0.999; AUC 0.889; AUPR: 0.468
2026-06-08 15:33:12,733 - INFO - Epoch 3750 Loss: 0.056; Train AUC 0.999; AUC 0.879; AUPR: 0.426
2026-06-08 15:34:03,156 - INFO - Epoch 3800 Loss: 0.055; Train AUC 0.999; AUC 0.883; AUPR: 0.408
2026-06-08 15:34:53,587 - INFO - Epoch 3850 Loss: 0.055; Train AUC 0.999; AUC 0.888; AUPR: 0.431
2026-06-08 15:35:45,477 - INFO - Epoch 3900 Loss: 0.050; Train AUC 0.999; AUC 0.880; AUPR: 0.461
2026-06-08 15:36:37,930 - INFO - Epoch 3950 Loss: 0.050; Train AUC 0.999; AUC 0.880; AUPR: 0.447
2026-06-08 15:37:30,953 - INFO - Epoch 4000 Loss: 0.049; Train AUC 0.999; AUC 0.881; AUPR: 0.452
2026-06-08 15:38:23,785 - INFO - Epoch 4050 Loss: 0.052; Train AUC 0.999; AUC 0.889; AUPR: 0.460
2026-06-08 15:39:16,471 - INFO - Epoch 4100 Loss: 0.049; Train AUC 0.999; AUC 0.880; AUPR: 0.430
2026-06-08 15:40:08,979 - INFO - Epoch 4150 Loss: 0.049; Train AUC 0.999; AUC 0.882; AUPR: 0.444
2026-06-08 15:41:01,144 - INFO - Epoch 4200 Loss: 0.047; Train AUC 0.999; AUC 0.882; AUPR: 0.467
2026-06-08 15:41:53,353 - INFO - Epoch 4250 Loss: 0.050; Train AUC 0.999; AUC 0.883; AUPR: 0.467
2026-06-08 15:42:45,700 - INFO - Epoch 4300 Loss: 0.049; Train AUC 0.999; AUC 0.878; AUPR: 0.422
2026-06-08 15:43:38,147 - INFO - Epoch 4350 Loss: 0.043; Train AUC 0.999; AUC 0.886; AUPR: 0.470
2026-06-08 15:44:30,700 - INFO - Epoch 4400 Loss: 0.053; Train AUC 0.999; AUC 0.879; AUPR: 0.450
2026-06-08 15:45:23,826 - INFO - Epoch 4450 Loss: 0.046; Train AUC 0.999; AUC 0.870; AUPR: 0.445
2026-06-08 15:46:16,478 - INFO - Epoch 4500 Loss: 0.047; Train AUC 0.999; AUC 0.883; AUPR: 0.445
2026-06-08 15:47:08,956 - INFO - Epoch 4550 Loss: 0.044; Train AUC 0.999; AUC 0.878; AUPR: 0.433
2026-06-08 15:48:01,543 - INFO - Epoch 4600 Loss: 0.053; Train AUC 0.999; AUC 0.875; AUPR: 0.425
2026-06-08 15:48:54,120 - INFO - Epoch 4650 Loss: 0.049; Train AUC 0.999; AUC 0.885; AUPR: 0.461
2026-06-08 15:49:47,330 - INFO - Epoch 4700 Loss: 0.040; Train AUC 0.999; AUC 0.876; AUPR: 0.447
2026-06-08 15:50:40,647 - INFO - Epoch 4750 Loss: 0.047; Train AUC 0.999; AUC 0.879; AUPR: 0.410
2026-06-08 15:51:33,098 - INFO - Epoch 4800 Loss: 0.043; Train AUC 0.999; AUC 0.876; AUPR: 0.463
2026-06-08 15:52:25,244 - INFO - Epoch 4850 Loss: 0.046; Train AUC 0.999; AUC 0.875; AUPR: 0.407
2026-06-08 15:53:17,617 - INFO - Epoch 4900 Loss: 0.042; Train AUC 0.999; AUC 0.882; AUPR: 0.445
2026-06-08 15:54:10,192 - INFO - Epoch 4950 Loss: 0.052; Train AUC 0.999; AUC 0.887; AUPR: 0.442
2026-06-08 15:55:02,854 - INFO - Epoch 5000 Loss: 0.044; Train AUC 0.999; AUC 0.893; AUPR: 0.423
2026-06-08 15:55:03,271 - INFO - 5-Cross Validation: Fold 3
2026-06-08 15:55:03,875 - INFO - (Graph(num_nodes={'disease': 409, 'drug': 663},
      num_edges={('disease', 'di_di', 'disease'): 6507, ('disease', 'di_dr', 'drug'): 2532, ('drug', 'dr_di', 'disease'): 2532, ('drug', 'dr_dr', 'drug'): 10582},
      metagraph=[('disease', 'disease', 'di_di'), ('disease', 'drug', 'di_dr'), ('drug', 'disease', 'dr_di'), ('drug', 'drug', 'dr_dr')]), Graph(num_nodes={'disease': 409, 'drug': 663},
      num_edges={('disease', 'di_di', 'disease'): 6219, ('disease', 'di_dr', 'drug'): 2532, ('drug', 'dr_di', 'disease'): 2532, ('drug', 'dr_dr', 'drug'): 10132},
      metagraph=[('disease', 'disease', 'di_di'), ('disease', 'drug', 'di_dr'), ('drug', 'disease', 'dr_di'), ('drug', 'drug', 'dr_dr')]))
2026-06-08 15:55:04,120 - INFO - Number of total training samples: 216934, pos samples: 2026, neg samples: 214908
2026-06-08 15:55:04,120 - INFO - Number of total testing samples: 54233, pos samples: 506, neg samples: 53727
2026-06-08 15:55:04,162 - INFO - Loss pos weight: 106.075
2026-06-08 15:55:57,235 - INFO - Epoch 50 Loss: 0.614; Train AUC 0.943; AUC 0.810; AUPR: 0.058
2026-06-08 15:56:50,408 - INFO - Epoch 100 Loss: 0.419; Train AUC 0.972; AUC 0.860; AUPR: 0.149
2026-06-08 15:57:42,379 - INFO - Epoch 150 Loss: 0.312; Train AUC 0.983; AUC 0.875; AUPR: 0.169
2026-06-08 15:58:34,535 - INFO - Epoch 200 Loss: 0.251; Train AUC 0.988; AUC 0.883; AUPR: 0.210
2026-06-08 15:59:26,456 - INFO - Epoch 250 Loss: 0.214; Train AUC 0.991; AUC 0.897; AUPR: 0.232
2026-06-08 16:00:18,829 - INFO - Epoch 300 Loss: 0.202; Train AUC 0.992; AUC 0.907; AUPR: 0.273
2026-06-08 16:01:10,781 - INFO - Epoch 350 Loss: 0.181; Train AUC 0.993; AUC 0.896; AUPR: 0.311
2026-06-08 16:02:03,912 - INFO - Epoch 400 Loss: 0.154; Train AUC 0.995; AUC 0.900; AUPR: 0.316
2026-06-08 16:02:56,702 - INFO - Epoch 450 Loss: 0.159; Train AUC 0.995; AUC 0.905; AUPR: 0.307
2026-06-08 16:03:49,354 - INFO - Epoch 500 Loss: 0.141; Train AUC 0.996; AUC 0.904; AUPR: 0.334
2026-06-08 16:04:42,174 - INFO - Epoch 550 Loss: 0.132; Train AUC 0.996; AUC 0.912; AUPR: 0.336
2026-06-08 16:05:34,614 - INFO - Epoch 600 Loss: 0.129; Train AUC 0.996; AUC 0.910; AUPR: 0.373
2026-06-08 16:06:26,859 - INFO - Epoch 650 Loss: 0.135; Train AUC 0.996; AUC 0.893; AUPR: 0.356
2026-06-08 16:07:19,676 - INFO - Epoch 700 Loss: 0.125; Train AUC 0.996; AUC 0.907; AUPR: 0.354
2026-06-08 16:08:12,423 - INFO - Epoch 750 Loss: 0.118; Train AUC 0.997; AUC 0.900; AUPR: 0.362
2026-06-08 16:09:05,826 - INFO - Epoch 800 Loss: 0.115; Train AUC 0.997; AUC 0.905; AUPR: 0.350
2026-06-08 16:09:58,922 - INFO - Epoch 850 Loss: 0.114; Train AUC 0.997; AUC 0.901; AUPR: 0.338
2026-06-08 16:10:50,965 - INFO - Epoch 900 Loss: 0.110; Train AUC 0.997; AUC 0.904; AUPR: 0.376
2026-06-08 16:11:44,413 - INFO - Epoch 950 Loss: 0.105; Train AUC 0.997; AUC 0.905; AUPR: 0.402
2026-06-08 16:12:36,598 - INFO - Epoch 1000 Loss: 0.104; Train AUC 0.997; AUC 0.901; AUPR: 0.365
2026-06-08 16:13:29,199 - INFO - Epoch 1050 Loss: 0.103; Train AUC 0.997; AUC 0.899; AUPR: 0.332
2026-06-08 16:14:21,187 - INFO - Epoch 1100 Loss: 0.113; Train AUC 0.997; AUC 0.902; AUPR: 0.372
2026-06-08 16:15:12,546 - INFO - Epoch 1150 Loss: 0.098; Train AUC 0.998; AUC 0.900; AUPR: 0.387
2026-06-08 16:16:04,783 - INFO - Epoch 1200 Loss: 0.091; Train AUC 0.998; AUC 0.909; AUPR: 0.409
2026-06-08 16:16:56,464 - INFO - Epoch 1250 Loss: 0.100; Train AUC 0.997; AUC 0.903; AUPR: 0.368
2026-06-08 16:17:49,375 - INFO - Epoch 1300 Loss: 0.091; Train AUC 0.998; AUC 0.900; AUPR: 0.389
2026-06-08 16:18:46,923 - INFO - Epoch 1350 Loss: 0.092; Train AUC 0.998; AUC 0.888; AUPR: 0.365
2026-06-08 16:19:39,371 - INFO - Epoch 1400 Loss: 0.090; Train AUC 0.998; AUC 0.896; AUPR: 0.403
2026-06-08 16:20:32,787 - INFO - Epoch 1450 Loss: 0.096; Train AUC 0.998; AUC 0.891; AUPR: 0.381
2026-06-08 16:21:25,169 - INFO - Epoch 1500 Loss: 0.084; Train AUC 0.998; AUC 0.910; AUPR: 0.372
2026-06-08 16:22:18,108 - INFO - Epoch 1550 Loss: 0.079; Train AUC 0.998; AUC 0.906; AUPR: 0.440
2026-06-08 16:23:12,288 - INFO - Epoch 1600 Loss: 0.081; Train AUC 0.998; AUC 0.901; AUPR: 0.374
2026-06-08 16:24:05,816 - INFO - Epoch 1650 Loss: 0.080; Train AUC 0.998; AUC 0.896; AUPR: 0.432
2026-06-08 16:24:58,906 - INFO - Epoch 1700 Loss: 0.077; Train AUC 0.998; AUC 0.893; AUPR: 0.419
2026-06-08 16:25:52,182 - INFO - Epoch 1750 Loss: 0.085; Train AUC 0.998; AUC 0.896; AUPR: 0.413
2026-06-08 16:26:45,310 - INFO - Epoch 1800 Loss: 0.083; Train AUC 0.998; AUC 0.897; AUPR: 0.370
2026-06-08 16:27:37,466 - INFO - Epoch 1850 Loss: 0.075; Train AUC 0.998; AUC 0.897; AUPR: 0.417
2026-06-08 16:28:30,092 - INFO - Epoch 1900 Loss: 0.081; Train AUC 0.998; AUC 0.898; AUPR: 0.394
2026-06-08 16:29:23,006 - INFO - Epoch 1950 Loss: 0.079; Train AUC 0.998; AUC 0.918; AUPR: 0.403
2026-06-08 16:30:16,981 - INFO - Epoch 2000 Loss: 0.074; Train AUC 0.998; AUC 0.886; AUPR: 0.424
2026-06-08 16:31:08,077 - INFO - Epoch 2050 Loss: 0.067; Train AUC 0.999; AUC 0.898; AUPR: 0.424
2026-06-08 16:31:59,590 - INFO - Epoch 2100 Loss: 0.069; Train AUC 0.999; AUC 0.892; AUPR: 0.426
2026-06-08 16:32:51,390 - INFO - Epoch 2150 Loss: 0.072; Train AUC 0.998; AUC 0.911; AUPR: 0.410
2026-06-08 16:33:43,243 - INFO - Epoch 2200 Loss: 0.063; Train AUC 0.999; AUC 0.892; AUPR: 0.433
2026-06-08 16:34:34,848 - INFO - Epoch 2250 Loss: 0.066; Train AUC 0.999; AUC 0.889; AUPR: 0.426
2026-06-08 16:35:26,597 - INFO - Epoch 2300 Loss: 0.070; Train AUC 0.998; AUC 0.898; AUPR: 0.424
2026-06-08 16:36:17,816 - INFO - Epoch 2350 Loss: 0.069; Train AUC 0.999; AUC 0.890; AUPR: 0.416
2026-06-08 16:37:09,667 - INFO - Epoch 2400 Loss: 0.069; Train AUC 0.999; AUC 0.896; AUPR: 0.409
2026-06-08 16:38:01,061 - INFO - Epoch 2450 Loss: 0.063; Train AUC 0.999; AUC 0.898; AUPR: 0.453
2026-06-08 16:38:52,743 - INFO - Epoch 2500 Loss: 0.066; Train AUC 0.999; AUC 0.887; AUPR: 0.459
2026-06-08 16:39:45,497 - INFO - Epoch 2550 Loss: 0.058; Train AUC 0.999; AUC 0.899; AUPR: 0.422
2026-06-08 16:40:37,026 - INFO - Epoch 2600 Loss: 0.063; Train AUC 0.999; AUC 0.898; AUPR: 0.440
2026-06-08 16:41:28,036 - INFO - Epoch 2650 Loss: 0.070; Train AUC 0.999; AUC 0.894; AUPR: 0.434
2026-06-08 16:42:19,671 - INFO - Epoch 2700 Loss: 0.060; Train AUC 0.999; AUC 0.896; AUPR: 0.456
2026-06-08 16:43:10,871 - INFO - Epoch 2750 Loss: 0.067; Train AUC 0.999; AUC 0.881; AUPR: 0.407
2026-06-08 16:44:02,600 - INFO - Epoch 2800 Loss: 0.061; Train AUC 0.999; AUC 0.903; AUPR: 0.457
2026-06-08 16:44:54,345 - INFO - Epoch 2850 Loss: 0.064; Train AUC 0.999; AUC 0.898; AUPR: 0.397
2026-06-08 16:45:45,859 - INFO - Epoch 2900 Loss: 0.054; Train AUC 0.999; AUC 0.887; AUPR: 0.451
2026-06-08 16:46:37,340 - INFO - Epoch 2950 Loss: 0.058; Train AUC 0.999; AUC 0.910; AUPR: 0.418
2026-06-08 16:47:28,714 - INFO - Epoch 3000 Loss: 0.059; Train AUC 0.999; AUC 0.897; AUPR: 0.439
2026-06-08 16:48:20,249 - INFO - Epoch 3050 Loss: 0.057; Train AUC 0.999; AUC 0.884; AUPR: 0.429
2026-06-08 16:49:12,176 - INFO - Epoch 3100 Loss: 0.064; Train AUC 0.999; AUC 0.897; AUPR: 0.437
2026-06-08 16:50:03,809 - INFO - Epoch 3150 Loss: 0.059; Train AUC 0.999; AUC 0.896; AUPR: 0.459
2026-06-08 16:50:55,365 - INFO - Epoch 3200 Loss: 0.051; Train AUC 0.999; AUC 0.894; AUPR: 0.436
2026-06-08 16:51:47,400 - INFO - Epoch 3250 Loss: 0.058; Train AUC 0.999; AUC 0.888; AUPR: 0.404
2026-06-08 16:52:38,981 - INFO - Epoch 3300 Loss: 0.060; Train AUC 0.999; AUC 0.893; AUPR: 0.443
2026-06-08 16:53:31,828 - INFO - Epoch 3350 Loss: 0.059; Train AUC 0.999; AUC 0.884; AUPR: 0.461
2026-06-08 16:54:23,318 - INFO - Epoch 3400 Loss: 0.057; Train AUC 0.999; AUC 0.876; AUPR: 0.429
2026-06-08 16:55:15,640 - INFO - Epoch 3450 Loss: 0.056; Train AUC 0.999; AUC 0.897; AUPR: 0.456
2026-06-08 16:56:06,518 - INFO - Epoch 3500 Loss: 0.057; Train AUC 0.999; AUC 0.894; AUPR: 0.440
2026-06-08 16:56:57,057 - INFO - Epoch 3550 Loss: 0.055; Train AUC 0.999; AUC 0.884; AUPR: 0.461
2026-06-08 16:57:46,673 - INFO - Epoch 3600 Loss: 0.053; Train AUC 0.999; AUC 0.885; AUPR: 0.442
2026-06-08 16:58:36,242 - INFO - Epoch 3650 Loss: 0.060; Train AUC 0.999; AUC 0.889; AUPR: 0.448
2026-06-08 16:59:26,105 - INFO - Epoch 3700 Loss: 0.052; Train AUC 0.999; AUC 0.877; AUPR: 0.430
2026-06-08 17:00:16,122 - INFO - Epoch 3750 Loss: 0.053; Train AUC 0.999; AUC 0.876; AUPR: 0.449
2026-06-08 17:01:06,382 - INFO - Epoch 3800 Loss: 0.052; Train AUC 0.999; AUC 0.890; AUPR: 0.425
2026-06-08 17:01:57,457 - INFO - Epoch 3850 Loss: 0.054; Train AUC 0.999; AUC 0.879; AUPR: 0.470
2026-06-08 17:02:49,383 - INFO - Epoch 3900 Loss: 0.047; Train AUC 0.999; AUC 0.891; AUPR: 0.455
2026-06-08 17:03:39,495 - INFO - Epoch 3950 Loss: 0.048; Train AUC 0.999; AUC 0.889; AUPR: 0.428
2026-06-08 17:04:29,106 - INFO - Epoch 4000 Loss: 0.045; Train AUC 0.999; AUC 0.879; AUPR: 0.450
2026-06-08 17:05:19,288 - INFO - Epoch 4050 Loss: 0.050; Train AUC 0.999; AUC 0.880; AUPR: 0.422
2026-06-08 17:06:09,201 - INFO - Epoch 4100 Loss: 0.055; Train AUC 0.999; AUC 0.880; AUPR: 0.450
2026-06-08 17:06:59,336 - INFO - Epoch 4150 Loss: 0.047; Train AUC 0.999; AUC 0.880; AUPR: 0.447
2026-06-08 17:07:49,840 - INFO - Epoch 4200 Loss: 0.049; Train AUC 0.999; AUC 0.893; AUPR: 0.447
2026-06-08 17:08:41,991 - INFO - Epoch 4250 Loss: 0.050; Train AUC 0.999; AUC 0.878; AUPR: 0.436
2026-06-08 17:09:34,095 - INFO - Epoch 4300 Loss: 0.045; Train AUC 0.999; AUC 0.889; AUPR: 0.433
2026-06-08 17:10:25,862 - INFO - Epoch 4350 Loss: 0.044; Train AUC 0.999; AUC 0.888; AUPR: 0.439
2026-06-08 17:11:16,887 - INFO - Epoch 4400 Loss: 0.047; Train AUC 0.999; AUC 0.904; AUPR: 0.476
2026-06-08 17:12:08,909 - INFO - Epoch 4450 Loss: 0.048; Train AUC 0.999; AUC 0.884; AUPR: 0.471
2026-06-08 17:13:02,012 - INFO - Epoch 4500 Loss: 0.047; Train AUC 0.999; AUC 0.883; AUPR: 0.470
2026-06-08 17:13:53,554 - INFO - Epoch 4550 Loss: 0.047; Train AUC 0.999; AUC 0.882; AUPR: 0.446
2026-06-08 17:14:45,135 - INFO - Epoch 4600 Loss: 0.040; Train AUC 0.999; AUC 0.885; AUPR: 0.441
2026-06-08 17:15:36,455 - INFO - Epoch 4650 Loss: 0.044; Train AUC 0.999; AUC 0.889; AUPR: 0.460
2026-06-08 17:16:28,347 - INFO - Epoch 4700 Loss: 0.042; Train AUC 0.999; AUC 0.901; AUPR: 0.451
2026-06-08 17:17:19,604 - INFO - Epoch 4750 Loss: 0.040; Train AUC 0.999; AUC 0.889; AUPR: 0.431
2026-06-08 17:18:12,422 - INFO - Epoch 4800 Loss: 0.043; Train AUC 0.999; AUC 0.893; AUPR: 0.454
2026-06-08 17:19:05,485 - INFO - Epoch 4850 Loss: 0.044; Train AUC 0.999; AUC 0.891; AUPR: 0.443
2026-06-08 17:19:58,077 - INFO - Epoch 4900 Loss: 0.047; Train AUC 0.999; AUC 0.893; AUPR: 0.411
2026-06-08 17:20:50,546 - INFO - Epoch 4950 Loss: 0.046; Train AUC 0.999; AUC 0.869; AUPR: 0.415
2026-06-08 17:21:44,705 - INFO - Epoch 5000 Loss: 0.041; Train AUC 0.999; AUC 0.889; AUPR: 0.448
2026-06-08 17:21:44,864 - INFO - 5-Cross Validation: Fold 4
2026-06-08 17:21:45,409 - INFO - (Graph(num_nodes={'disease': 409, 'drug': 663},
      num_edges={('disease', 'di_di', 'disease'): 6507, ('disease', 'di_dr', 'drug'): 2532, ('drug', 'dr_di', 'disease'): 2532, ('drug', 'dr_dr', 'drug'): 10582},
      metagraph=[('disease', 'disease', 'di_di'), ('disease', 'drug', 'di_dr'), ('drug', 'disease', 'dr_di'), ('drug', 'drug', 'dr_dr')]), Graph(num_nodes={'disease': 409, 'drug': 663},
      num_edges={('disease', 'di_di', 'disease'): 6219, ('disease', 'di_dr', 'drug'): 2532, ('drug', 'dr_di', 'disease'): 2532, ('drug', 'dr_dr', 'drug'): 10132},
      metagraph=[('disease', 'disease', 'di_di'), ('disease', 'drug', 'di_dr'), ('drug', 'disease', 'dr_di'), ('drug', 'drug', 'dr_dr')]))
2026-06-08 17:21:45,636 - INFO - Number of total training samples: 216934, pos samples: 2026, neg samples: 214908
2026-06-08 17:21:45,636 - INFO - Number of total testing samples: 54233, pos samples: 506, neg samples: 53727
2026-06-08 17:21:45,666 - INFO - Loss pos weight: 106.075
2026-06-08 17:22:37,831 - INFO - Epoch 50 Loss: 0.673; Train AUC 0.934; AUC 0.806; AUPR: 0.057
2026-06-08 17:23:29,888 - INFO - Epoch 100 Loss: 0.486; Train AUC 0.964; AUC 0.853; AUPR: 0.098
2026-06-08 17:24:22,476 - INFO - Epoch 150 Loss: 0.359; Train AUC 0.978; AUC 0.861; AUPR: 0.125
2026-06-08 17:25:15,423 - INFO - Epoch 200 Loss: 0.286; Train AUC 0.985; AUC 0.876; AUPR: 0.187
2026-06-08 17:26:07,007 - INFO - Epoch 250 Loss: 0.254; Train AUC 0.988; AUC 0.884; AUPR: 0.224
2026-06-08 17:26:58,595 - INFO - Epoch 300 Loss: 0.220; Train AUC 0.990; AUC 0.889; AUPR: 0.215
2026-06-08 17:27:50,385 - INFO - Epoch 350 Loss: 0.205; Train AUC 0.992; AUC 0.887; AUPR: 0.253
2026-06-08 17:28:41,514 - INFO - Epoch 400 Loss: 0.178; Train AUC 0.994; AUC 0.888; AUPR: 0.291
2026-06-08 17:29:33,366 - INFO - Epoch 450 Loss: 0.169; Train AUC 0.994; AUC 0.895; AUPR: 0.266
2026-06-08 17:30:24,927 - INFO - Epoch 500 Loss: 0.166; Train AUC 0.994; AUC 0.893; AUPR: 0.329
2026-06-08 17:31:16,056 - INFO - Epoch 550 Loss: 0.143; Train AUC 0.995; AUC 0.894; AUPR: 0.320
2026-06-08 17:32:10,465 - INFO - Epoch 600 Loss: 0.142; Train AUC 0.995; AUC 0.888; AUPR: 0.299
2026-06-08 17:33:04,377 - INFO - Epoch 650 Loss: 0.135; Train AUC 0.996; AUC 0.896; AUPR: 0.346
2026-06-08 17:33:56,990 - INFO - Epoch 700 Loss: 0.127; Train AUC 0.996; AUC 0.896; AUPR: 0.351
2026-06-08 17:34:51,272 - INFO - Epoch 750 Loss: 0.128; Train AUC 0.996; AUC 0.899; AUPR: 0.350
2026-06-08 17:35:43,614 - INFO - Epoch 800 Loss: 0.123; Train AUC 0.996; AUC 0.894; AUPR: 0.317
2026-06-08 17:36:33,920 - INFO - Epoch 850 Loss: 0.111; Train AUC 0.997; AUC 0.897; AUPR: 0.365
2026-06-08 17:37:25,180 - INFO - Epoch 900 Loss: 0.121; Train AUC 0.997; AUC 0.889; AUPR: 0.346
2026-06-08 17:38:16,802 - INFO - Epoch 950 Loss: 0.112; Train AUC 0.997; AUC 0.885; AUPR: 0.340
2026-06-08 17:39:08,470 - INFO - Epoch 1000 Loss: 0.100; Train AUC 0.997; AUC 0.898; AUPR: 0.392
2026-06-08 17:39:59,531 - INFO - Epoch 1050 Loss: 0.109; Train AUC 0.997; AUC 0.893; AUPR: 0.351
2026-06-08 17:40:50,833 - INFO - Epoch 1100 Loss: 0.108; Train AUC 0.997; AUC 0.886; AUPR: 0.342
2026-06-08 17:41:42,235 - INFO - Epoch 1150 Loss: 0.110; Train AUC 0.997; AUC 0.887; AUPR: 0.324
2026-06-08 17:42:33,733 - INFO - Epoch 1200 Loss: 0.099; Train AUC 0.998; AUC 0.883; AUPR: 0.381
2026-06-08 17:43:25,932 - INFO - Epoch 1250 Loss: 0.089; Train AUC 0.998; AUC 0.888; AUPR: 0.356
2026-06-08 17:44:17,306 - INFO - Epoch 1300 Loss: 0.094; Train AUC 0.998; AUC 0.885; AUPR: 0.415
2026-06-08 17:45:09,166 - INFO - Epoch 1350 Loss: 0.088; Train AUC 0.998; AUC 0.886; AUPR: 0.389
2026-06-08 17:46:00,627 - INFO - Epoch 1400 Loss: 0.090; Train AUC 0.998; AUC 0.880; AUPR: 0.364
2026-06-08 17:46:52,739 - INFO - Epoch 1450 Loss: 0.082; Train AUC 0.998; AUC 0.879; AUPR: 0.411
2026-06-08 17:47:43,970 - INFO - Epoch 1500 Loss: 0.084; Train AUC 0.998; AUC 0.891; AUPR: 0.391
2026-06-08 17:48:35,882 - INFO - Epoch 1550 Loss: 0.086; Train AUC 0.998; AUC 0.886; AUPR: 0.368
2026-06-08 17:49:28,909 - INFO - Epoch 1600 Loss: 0.088; Train AUC 0.998; AUC 0.891; AUPR: 0.363
2026-06-08 17:50:20,173 - INFO - Epoch 1650 Loss: 0.082; Train AUC 0.998; AUC 0.888; AUPR: 0.377
2026-06-08 17:51:11,461 - INFO - Epoch 1700 Loss: 0.073; Train AUC 0.998; AUC 0.888; AUPR: 0.407
2026-06-08 17:52:02,771 - INFO - Epoch 1750 Loss: 0.078; Train AUC 0.998; AUC 0.887; AUPR: 0.365
2026-06-08 17:52:54,524 - INFO - Epoch 1800 Loss: 0.088; Train AUC 0.998; AUC 0.885; AUPR: 0.382
2026-06-08 17:53:46,315 - INFO - Epoch 1850 Loss: 0.075; Train AUC 0.998; AUC 0.889; AUPR: 0.392
2026-06-08 17:54:39,237 - INFO - Epoch 1900 Loss: 0.077; Train AUC 0.998; AUC 0.882; AUPR: 0.420
2026-06-08 17:55:30,664 - INFO - Epoch 1950 Loss: 0.073; Train AUC 0.998; AUC 0.889; AUPR: 0.428
2026-06-08 17:56:22,266 - INFO - Epoch 2000 Loss: 0.079; Train AUC 0.998; AUC 0.889; AUPR: 0.402
2026-06-08 17:57:13,511 - INFO - Epoch 2050 Loss: 0.076; Train AUC 0.998; AUC 0.891; AUPR: 0.414
2026-06-08 17:58:05,034 - INFO - Epoch 2100 Loss: 0.076; Train AUC 0.998; AUC 0.875; AUPR: 0.400
2026-06-08 17:58:56,314 - INFO - Epoch 2150 Loss: 0.079; Train AUC 0.998; AUC 0.888; AUPR: 0.384
2026-06-08 17:59:47,252 - INFO - Epoch 2200 Loss: 0.067; Train AUC 0.999; AUC 0.890; AUPR: 0.405
2026-06-08 18:00:38,819 - INFO - Epoch 2250 Loss: 0.071; Train AUC 0.998; AUC 0.877; AUPR: 0.395
2026-06-08 18:01:30,436 - INFO - Epoch 2300 Loss: 0.067; Train AUC 0.999; AUC 0.887; AUPR: 0.406
2026-06-08 18:02:24,419 - INFO - Epoch 2350 Loss: 0.066; Train AUC 0.999; AUC 0.891; AUPR: 0.408
2026-06-08 18:03:20,439 - INFO - Epoch 2400 Loss: 0.067; Train AUC 0.999; AUC 0.882; AUPR: 0.403
2026-06-08 18:04:15,366 - INFO - Epoch 2450 Loss: 0.068; Train AUC 0.999; AUC 0.879; AUPR: 0.402
2026-06-08 18:05:09,803 - INFO - Epoch 2500 Loss: 0.062; Train AUC 0.999; AUC 0.883; AUPR: 0.387
2026-06-08 18:06:02,535 - INFO - Epoch 2550 Loss: 0.070; Train AUC 0.999; AUC 0.881; AUPR: 0.401
2026-06-08 18:06:53,767 - INFO - Epoch 2600 Loss: 0.064; Train AUC 0.999; AUC 0.885; AUPR: 0.425
2026-06-08 18:07:45,677 - INFO - Epoch 2650 Loss: 0.066; Train AUC 0.999; AUC 0.890; AUPR: 0.400
2026-06-08 18:08:38,176 - INFO - Epoch 2700 Loss: 0.063; Train AUC 0.999; AUC 0.879; AUPR: 0.413
2026-06-08 18:09:31,078 - INFO - Epoch 2750 Loss: 0.063; Train AUC 0.999; AUC 0.893; AUPR: 0.395
2026-06-08 18:10:23,710 - INFO - Epoch 2800 Loss: 0.060; Train AUC 0.999; AUC 0.890; AUPR: 0.417
2026-06-08 18:11:15,941 - INFO - Epoch 2850 Loss: 0.059; Train AUC 0.999; AUC 0.878; AUPR: 0.437
2026-06-08 18:12:08,901 - INFO - Epoch 2900 Loss: 0.066; Train AUC 0.999; AUC 0.895; AUPR: 0.394
2026-06-08 18:13:03,281 - INFO - Epoch 2950 Loss: 0.065; Train AUC 0.999; AUC 0.893; AUPR: 0.395
2026-06-08 18:13:59,219 - INFO - Epoch 3000 Loss: 0.057; Train AUC 0.999; AUC 0.885; AUPR: 0.400
2026-06-08 18:14:53,066 - INFO - Epoch 3050 Loss: 0.061; Train AUC 0.999; AUC 0.879; AUPR: 0.426
2026-06-08 18:15:46,568 - INFO - Epoch 3100 Loss: 0.060; Train AUC 0.999; AUC 0.891; AUPR: 0.437
2026-06-08 18:16:41,529 - INFO - Epoch 3150 Loss: 0.061; Train AUC 0.999; AUC 0.878; AUPR: 0.390
2026-06-08 18:17:36,616 - INFO - Epoch 3200 Loss: 0.058; Train AUC 0.999; AUC 0.896; AUPR: 0.447
2026-06-08 18:18:32,811 - INFO - Epoch 3250 Loss: 0.051; Train AUC 0.999; AUC 0.880; AUPR: 0.427
2026-06-08 18:19:28,273 - INFO - Epoch 3300 Loss: 0.058; Train AUC 0.999; AUC 0.890; AUPR: 0.419
2026-06-08 18:20:19,655 - INFO - Epoch 3350 Loss: 0.057; Train AUC 0.999; AUC 0.890; AUPR: 0.393
2026-06-08 18:21:12,916 - INFO - Epoch 3400 Loss: 0.056; Train AUC 0.999; AUC 0.885; AUPR: 0.426
2026-06-08 18:22:05,872 - INFO - Epoch 3450 Loss: 0.056; Train AUC 0.999; AUC 0.889; AUPR: 0.426
2026-06-08 18:22:57,932 - INFO - Epoch 3500 Loss: 0.059; Train AUC 0.999; AUC 0.875; AUPR: 0.397
2026-06-08 18:23:49,365 - INFO - Epoch 3550 Loss: 0.055; Train AUC 0.999; AUC 0.882; AUPR: 0.422
2026-06-08 18:24:41,811 - INFO - Epoch 3600 Loss: 0.054; Train AUC 0.999; AUC 0.893; AUPR: 0.431
2026-06-08 18:25:43,147 - INFO - Epoch 3650 Loss: 0.048; Train AUC 0.999; AUC 0.880; AUPR: 0.433
2026-06-08 18:26:37,766 - INFO - Epoch 3700 Loss: 0.051; Train AUC 0.999; AUC 0.873; AUPR: 0.404
2026-06-08 18:27:29,852 - INFO - Epoch 3750 Loss: 0.053; Train AUC 0.999; AUC 0.888; AUPR: 0.416
2026-06-08 18:28:21,585 - INFO - Epoch 3800 Loss: 0.050; Train AUC 0.999; AUC 0.882; AUPR: 0.405
2026-06-08 18:29:15,650 - INFO - Epoch 3850 Loss: 0.050; Train AUC 0.999; AUC 0.890; AUPR: 0.438
2026-06-08 18:30:10,119 - INFO - Epoch 3900 Loss: 0.052; Train AUC 0.999; AUC 0.883; AUPR: 0.402
2026-06-08 18:31:25,106 - INFO - Epoch 3950 Loss: 0.057; Train AUC 0.999; AUC 0.881; AUPR: 0.404
2026-06-08 18:32:23,893 - INFO - Epoch 4000 Loss: 0.052; Train AUC 0.999; AUC 0.880; AUPR: 0.431
2026-06-08 18:33:21,565 - INFO - Epoch 4050 Loss: 0.046; Train AUC 0.999; AUC 0.882; AUPR: 0.430
2026-06-08 18:34:17,142 - INFO - Epoch 4100 Loss: 0.049; Train AUC 0.999; AUC 0.893; AUPR: 0.418
2026-06-08 18:35:22,929 - INFO - Epoch 4150 Loss: 0.053; Train AUC 0.999; AUC 0.879; AUPR: 0.447
2026-06-08 18:36:18,249 - INFO - Epoch 4200 Loss: 0.047; Train AUC 0.999; AUC 0.888; AUPR: 0.442
2026-06-08 18:37:16,583 - INFO - Epoch 4250 Loss: 0.052; Train AUC 0.999; AUC 0.872; AUPR: 0.397
2026-06-08 18:38:09,335 - INFO - Epoch 4300 Loss: 0.043; Train AUC 0.999; AUC 0.883; AUPR: 0.421
2026-06-08 18:39:01,703 - INFO - Epoch 4350 Loss: 0.049; Train AUC 0.999; AUC 0.871; AUPR: 0.432
2026-06-08 18:39:58,039 - INFO - Epoch 4400 Loss: 0.045; Train AUC 0.999; AUC 0.879; AUPR: 0.389
2026-06-08 18:40:54,214 - INFO - Epoch 4450 Loss: 0.052; Train AUC 0.999; AUC 0.880; AUPR: 0.445
2026-06-08 18:41:55,300 - INFO - Epoch 4500 Loss: 0.055; Train AUC 0.999; AUC 0.882; AUPR: 0.424
2026-06-08 18:42:55,581 - INFO - Epoch 4550 Loss: 0.049; Train AUC 0.999; AUC 0.873; AUPR: 0.434
2026-06-08 18:43:53,004 - INFO - Epoch 4600 Loss: 0.042; Train AUC 0.999; AUC 0.884; AUPR: 0.441
2026-06-08 18:44:55,155 - INFO - Epoch 4650 Loss: 0.046; Train AUC 0.999; AUC 0.884; AUPR: 0.433
2026-06-08 18:45:51,470 - INFO - Epoch 4700 Loss: 0.044; Train AUC 0.999; AUC 0.877; AUPR: 0.454
2026-06-08 18:46:46,822 - INFO - Epoch 4750 Loss: 0.043; Train AUC 0.999; AUC 0.886; AUPR: 0.440
2026-06-08 18:47:38,807 - INFO - Epoch 4800 Loss: 0.042; Train AUC 0.999; AUC 0.887; AUPR: 0.402
2026-06-08 18:48:30,054 - INFO - Epoch 4850 Loss: 0.044; Train AUC 0.999; AUC 0.875; AUPR: 0.446
2026-06-08 18:49:21,681 - INFO - Epoch 4900 Loss: 0.048; Train AUC 0.999; AUC 0.881; AUPR: 0.437
2026-06-08 18:50:13,991 - INFO - Epoch 4950 Loss: 0.053; Train AUC 0.999; AUC 0.883; AUPR: 0.472
2026-06-08 18:51:14,101 - INFO - Epoch 5000 Loss: 0.048; Train AUC 0.999; AUC 0.892; AUPR: 0.412
2026-06-08 18:51:15,847 - INFO - 5-Cross Validation: Fold 5
2026-06-08 18:51:16,687 - INFO - (Graph(num_nodes={'disease': 409, 'drug': 663},
      num_edges={('disease', 'di_di', 'disease'): 6507, ('disease', 'di_dr', 'drug'): 2532, ('drug', 'dr_di', 'disease'): 2532, ('drug', 'dr_dr', 'drug'): 10582},
      metagraph=[('disease', 'disease', 'di_di'), ('disease', 'drug', 'di_dr'), ('drug', 'disease', 'dr_di'), ('drug', 'drug', 'dr_dr')]), Graph(num_nodes={'disease': 409, 'drug': 663},
      num_edges={('disease', 'di_di', 'disease'): 6219, ('disease', 'di_dr', 'drug'): 2532, ('drug', 'dr_di', 'disease'): 2532, ('drug', 'dr_dr', 'drug'): 10132},
      metagraph=[('disease', 'disease', 'di_di'), ('disease', 'drug', 'di_dr'), ('drug', 'disease', 'dr_di'), ('drug', 'drug', 'dr_dr')]))
2026-06-08 18:51:16,965 - INFO - Number of total training samples: 216934, pos samples: 2026, neg samples: 214908
2026-06-08 18:51:16,965 - INFO - Number of total testing samples: 54233, pos samples: 506, neg samples: 53727
2026-06-08 18:51:17,044 - INFO - Loss pos weight: 106.075
2026-06-08 18:52:09,769 - INFO - Epoch 50 Loss: 0.600; Train AUC 0.944; AUC 0.834; AUPR: 0.072
2026-06-08 18:53:03,935 - INFO - Epoch 100 Loss: 0.446; Train AUC 0.968; AUC 0.873; AUPR: 0.123
2026-06-08 18:53:55,357 - INFO - Epoch 150 Loss: 0.336; Train AUC 0.980; AUC 0.885; AUPR: 0.172
2026-06-08 18:54:48,092 - INFO - Epoch 200 Loss: 0.291; Train AUC 0.985; AUC 0.890; AUPR: 0.200
2026-06-08 18:55:43,521 - INFO - Epoch 250 Loss: 0.236; Train AUC 0.989; AUC 0.899; AUPR: 0.263
2026-06-08 18:56:38,259 - INFO - Epoch 300 Loss: 0.206; Train AUC 0.992; AUC 0.905; AUPR: 0.276
2026-06-08 18:57:31,792 - INFO - Epoch 350 Loss: 0.200; Train AUC 0.992; AUC 0.894; AUPR: 0.301
2026-06-08 18:58:25,369 - INFO - Epoch 400 Loss: 0.176; Train AUC 0.994; AUC 0.902; AUPR: 0.301
2026-06-08 18:59:19,329 - INFO - Epoch 450 Loss: 0.165; Train AUC 0.994; AUC 0.906; AUPR: 0.294
2026-06-08 19:00:14,667 - INFO - Epoch 500 Loss: 0.154; Train AUC 0.995; AUC 0.902; AUPR: 0.314
2026-06-08 19:01:08,357 - INFO - Epoch 550 Loss: 0.154; Train AUC 0.995; AUC 0.904; AUPR: 0.327
2026-06-08 19:02:01,631 - INFO - Epoch 600 Loss: 0.146; Train AUC 0.995; AUC 0.898; AUPR: 0.374
2026-06-08 19:03:09,637 - INFO - Epoch 650 Loss: 0.135; Train AUC 0.996; AUC 0.911; AUPR: 0.336
2026-06-08 19:03:54,464 - INFO - Epoch 700 Loss: 0.129; Train AUC 0.996; AUC 0.896; AUPR: 0.359
2026-06-08 19:04:30,914 - INFO - Epoch 750 Loss: 0.124; Train AUC 0.996; AUC 0.898; AUPR: 0.343
2026-06-08 19:05:07,917 - INFO - Epoch 800 Loss: 0.139; Train AUC 0.996; AUC 0.900; AUPR: 0.328
2026-06-08 19:05:46,371 - INFO - Epoch 850 Loss: 0.118; Train AUC 0.997; AUC 0.897; AUPR: 0.392
2026-06-08 19:06:25,099 - INFO - Epoch 900 Loss: 0.111; Train AUC 0.997; AUC 0.895; AUPR: 0.377
2026-06-08 19:07:06,683 - INFO - Epoch 950 Loss: 0.113; Train AUC 0.997; AUC 0.891; AUPR: 0.380
2026-06-08 19:07:49,312 - INFO - Epoch 1000 Loss: 0.107; Train AUC 0.997; AUC 0.898; AUPR: 0.383
2026-06-08 19:08:30,031 - INFO - Epoch 1050 Loss: 0.102; Train AUC 0.997; AUC 0.899; AUPR: 0.378
2026-06-08 19:09:08,747 - INFO - Epoch 1100 Loss: 0.101; Train AUC 0.997; AUC 0.901; AUPR: 0.390
2026-06-08 19:09:48,615 - INFO - Epoch 1150 Loss: 0.101; Train AUC 0.997; AUC 0.899; AUPR: 0.351
2026-06-08 19:10:30,461 - INFO - Epoch 1200 Loss: 0.104; Train AUC 0.997; AUC 0.901; AUPR: 0.407
2026-06-08 19:11:13,165 - INFO - Epoch 1250 Loss: 0.100; Train AUC 0.997; AUC 0.903; AUPR: 0.387
2026-06-08 19:11:55,684 - INFO - Epoch 1300 Loss: 0.096; Train AUC 0.998; AUC 0.889; AUPR: 0.399
2026-06-08 19:12:36,123 - INFO - Epoch 1350 Loss: 0.107; Train AUC 0.997; AUC 0.903; AUPR: 0.393
2026-06-08 19:13:19,101 - INFO - Epoch 1400 Loss: 0.092; Train AUC 0.998; AUC 0.893; AUPR: 0.411
2026-06-08 19:14:04,623 - INFO - Epoch 1450 Loss: 0.091; Train AUC 0.998; AUC 0.897; AUPR: 0.429
2026-06-08 19:14:50,366 - INFO - Epoch 1500 Loss: 0.090; Train AUC 0.998; AUC 0.899; AUPR: 0.420
2026-06-08 19:15:35,182 - INFO - Epoch 1550 Loss: 0.087; Train AUC 0.998; AUC 0.899; AUPR: 0.398
2026-06-08 19:16:24,368 - INFO - Epoch 1600 Loss: 0.093; Train AUC 0.998; AUC 0.894; AUPR: 0.431
2026-06-08 19:17:05,955 - INFO - Epoch 1650 Loss: 0.080; Train AUC 0.998; AUC 0.897; AUPR: 0.434
2026-06-08 19:17:50,453 - INFO - Epoch 1700 Loss: 0.082; Train AUC 0.998; AUC 0.885; AUPR: 0.409
2026-06-08 19:18:31,876 - INFO - Epoch 1750 Loss: 0.080; Train AUC 0.998; AUC 0.897; AUPR: 0.421
2026-06-08 19:19:23,423 - INFO - Epoch 1800 Loss: 0.077; Train AUC 0.998; AUC 0.890; AUPR: 0.403
2026-06-08 19:20:14,037 - INFO - Epoch 1850 Loss: 0.078; Train AUC 0.998; AUC 0.894; AUPR: 0.434
2026-06-08 19:20:56,074 - INFO - Epoch 1900 Loss: 0.084; Train AUC 0.998; AUC 0.888; AUPR: 0.428
2026-06-08 19:21:35,349 - INFO - Epoch 1950 Loss: 0.076; Train AUC 0.998; AUC 0.885; AUPR: 0.416
2026-06-08 19:22:15,914 - INFO - Epoch 2000 Loss: 0.073; Train AUC 0.998; AUC 0.898; AUPR: 0.434
2026-06-08 19:22:59,420 - INFO - Epoch 2050 Loss: 0.074; Train AUC 0.998; AUC 0.888; AUPR: 0.428
2026-06-08 19:23:49,335 - INFO - Epoch 2100 Loss: 0.068; Train AUC 0.999; AUC 0.908; AUPR: 0.431
2026-06-08 19:24:30,145 - INFO - Epoch 2150 Loss: 0.069; Train AUC 0.999; AUC 0.893; AUPR: 0.472
2026-06-08 19:25:10,991 - INFO - Epoch 2200 Loss: 0.069; Train AUC 0.999; AUC 0.897; AUPR: 0.447
2026-06-08 19:25:53,945 - INFO - Epoch 2250 Loss: 0.066; Train AUC 0.999; AUC 0.903; AUPR: 0.473
2026-06-08 19:26:36,113 - INFO - Epoch 2300 Loss: 0.067; Train AUC 0.999; AUC 0.875; AUPR: 0.437
2026-06-08 19:27:20,386 - INFO - Epoch 2350 Loss: 0.065; Train AUC 0.999; AUC 0.894; AUPR: 0.444
2026-06-08 19:28:07,480 - INFO - Epoch 2400 Loss: 0.074; Train AUC 0.999; AUC 0.891; AUPR: 0.452
2026-06-08 19:28:51,202 - INFO - Epoch 2450 Loss: 0.072; Train AUC 0.999; AUC 0.894; AUPR: 0.405
2026-06-08 19:29:32,607 - INFO - Epoch 2500 Loss: 0.065; Train AUC 0.999; AUC 0.897; AUPR: 0.455
2026-06-08 19:30:15,001 - INFO - Epoch 2550 Loss: 0.070; Train AUC 0.998; AUC 0.891; AUPR: 0.411
2026-06-08 19:31:02,034 - INFO - Epoch 2600 Loss: 0.063; Train AUC 0.999; AUC 0.884; AUPR: 0.448
2026-06-08 19:31:54,303 - INFO - Epoch 2650 Loss: 0.068; Train AUC 0.999; AUC 0.899; AUPR: 0.436
2026-06-08 19:32:48,163 - INFO - Epoch 2700 Loss: 0.064; Train AUC 0.999; AUC 0.894; AUPR: 0.461
2026-06-08 19:33:40,701 - INFO - Epoch 2750 Loss: 0.060; Train AUC 0.999; AUC 0.894; AUPR: 0.458
2026-06-08 19:34:36,222 - INFO - Epoch 2800 Loss: 0.060; Train AUC 0.999; AUC 0.893; AUPR: 0.456
2026-06-08 19:35:39,253 - INFO - Epoch 2850 Loss: 0.056; Train AUC 0.999; AUC 0.886; AUPR: 0.452
2026-06-08 19:36:40,057 - INFO - Epoch 2900 Loss: 0.057; Train AUC 0.999; AUC 0.890; AUPR: 0.435
2026-06-08 19:37:38,688 - INFO - Epoch 2950 Loss: 0.058; Train AUC 0.999; AUC 0.894; AUPR: 0.479
2026-06-08 19:38:36,478 - INFO - Epoch 3000 Loss: 0.058; Train AUC 0.999; AUC 0.899; AUPR: 0.473
2026-06-08 19:39:37,454 - INFO - Epoch 3050 Loss: 0.058; Train AUC 0.999; AUC 0.876; AUPR: 0.418
2026-06-08 19:40:38,262 - INFO - Epoch 3100 Loss: 0.058; Train AUC 0.999; AUC 0.901; AUPR: 0.468
2026-06-08 19:41:43,732 - INFO - Epoch 3150 Loss: 0.057; Train AUC 0.999; AUC 0.890; AUPR: 0.440
2026-06-08 19:42:42,998 - INFO - Epoch 3200 Loss: 0.062; Train AUC 0.999; AUC 0.888; AUPR: 0.451
2026-06-08 19:43:41,374 - INFO - Epoch 3250 Loss: 0.063; Train AUC 0.999; AUC 0.895; AUPR: 0.426
2026-06-08 19:44:48,247 - INFO - Epoch 3300 Loss: 0.062; Train AUC 0.999; AUC 0.890; AUPR: 0.455
2026-06-08 19:45:48,001 - INFO - Epoch 3350 Loss: 0.054; Train AUC 0.999; AUC 0.873; AUPR: 0.446
2026-06-08 19:46:47,528 - INFO - Epoch 3400 Loss: 0.055; Train AUC 0.999; AUC 0.885; AUPR: 0.461
2026-06-08 19:47:46,331 - INFO - Epoch 3450 Loss: 0.050; Train AUC 0.999; AUC 0.896; AUPR: 0.464
2026-06-08 19:48:45,376 - INFO - Epoch 3500 Loss: 0.056; Train AUC 0.999; AUC 0.886; AUPR: 0.463
2026-06-08 19:49:42,023 - INFO - Epoch 3550 Loss: 0.065; Train AUC 0.999; AUC 0.876; AUPR: 0.436
2026-06-08 19:50:42,475 - INFO - Epoch 3600 Loss: 0.056; Train AUC 0.999; AUC 0.871; AUPR: 0.410
2026-06-08 19:51:39,512 - INFO - Epoch 3650 Loss: 0.055; Train AUC 0.999; AUC 0.889; AUPR: 0.464
2026-06-08 19:52:37,229 - INFO - Epoch 3700 Loss: 0.048; Train AUC 0.999; AUC 0.877; AUPR: 0.465
2026-06-08 19:53:36,584 - INFO - Epoch 3750 Loss: 0.049; Train AUC 0.999; AUC 0.887; AUPR: 0.471
2026-06-08 19:54:36,255 - INFO - Epoch 3800 Loss: 0.053; Train AUC 0.999; AUC 0.872; AUPR: 0.443
2026-06-08 19:55:33,550 - INFO - Epoch 3850 Loss: 0.055; Train AUC 0.999; AUC 0.888; AUPR: 0.466
2026-06-08 19:56:31,252 - INFO - Epoch 3900 Loss: 0.055; Train AUC 0.999; AUC 0.898; AUPR: 0.463
2026-06-08 19:57:33,654 - INFO - Epoch 3950 Loss: 0.050; Train AUC 0.999; AUC 0.879; AUPR: 0.448
2026-06-08 19:58:36,040 - INFO - Epoch 4000 Loss: 0.053; Train AUC 0.999; AUC 0.878; AUPR: 0.470
2026-06-08 19:59:36,808 - INFO - Epoch 4050 Loss: 0.047; Train AUC 0.999; AUC 0.888; AUPR: 0.442
2026-06-08 20:00:35,452 - INFO - Epoch 4100 Loss: 0.048; Train AUC 0.999; AUC 0.889; AUPR: 0.472
2026-06-08 20:01:43,770 - INFO - Epoch 4150 Loss: 0.049; Train AUC 0.999; AUC 0.890; AUPR: 0.439
2026-06-08 20:02:45,861 - INFO - Epoch 4200 Loss: 0.051; Train AUC 0.999; AUC 0.878; AUPR: 0.478
2026-06-08 20:03:45,578 - INFO - Epoch 4250 Loss: 0.045; Train AUC 0.999; AUC 0.887; AUPR: 0.464
2026-06-08 20:04:46,646 - INFO - Epoch 4300 Loss: 0.047; Train AUC 0.999; AUC 0.888; AUPR: 0.493
2026-06-08 20:05:45,759 - INFO - Epoch 4350 Loss: 0.047; Train AUC 0.999; AUC 0.882; AUPR: 0.439
2026-06-08 20:06:48,247 - INFO - Epoch 4400 Loss: 0.049; Train AUC 0.999; AUC 0.864; AUPR: 0.463
2026-06-08 20:07:48,186 - INFO - Epoch 4450 Loss: 0.042; Train AUC 0.999; AUC 0.877; AUPR: 0.481
2026-06-08 20:08:46,026 - INFO - Epoch 4500 Loss: 0.043; Train AUC 0.999; AUC 0.879; AUPR: 0.446
2026-06-08 20:09:48,913 - INFO - Epoch 4550 Loss: 0.041; Train AUC 0.999; AUC 0.881; AUPR: 0.453
2026-06-08 20:11:01,759 - INFO - Epoch 4600 Loss: 0.049; Train AUC 0.999; AUC 0.881; AUPR: 0.461
2026-06-08 20:12:07,800 - INFO - Epoch 4650 Loss: 0.053; Train AUC 0.999; AUC 0.881; AUPR: 0.449
2026-06-08 20:13:08,350 - INFO - Epoch 4700 Loss: 0.043; Train AUC 0.999; AUC 0.882; AUPR: 0.461
2026-06-08 20:14:10,772 - INFO - Epoch 4750 Loss: 0.046; Train AUC 0.999; AUC 0.880; AUPR: 0.475
2026-06-08 20:15:12,688 - INFO - Epoch 4800 Loss: 0.044; Train AUC 0.999; AUC 0.881; AUPR: 0.453
2026-06-08 20:16:09,616 - INFO - Epoch 4850 Loss: 0.050; Train AUC 0.999; AUC 0.894; AUPR: 0.474
2026-06-08 20:17:05,906 - INFO - Epoch 4900 Loss: 0.043; Train AUC 0.999; AUC 0.877; AUPR: 0.448
2026-06-08 20:18:08,797 - INFO - Epoch 4950 Loss: 0.041; Train AUC 0.999; AUC 0.891; AUPR: 0.489
2026-06-08 20:19:11,220 - INFO - Epoch 5000 Loss: 0.042; Train AUC 0.999; AUC 0.880; AUPR: 0.485
2026-06-09 04:22:45,309 - INFO - Namespace(device_id=None, dataset='Cdataset', BERT_emb=False, LLM_emb=False, saved_path='../result\\GCN\\Cdataset_graph_ae_ChemBERTa_5000_0.4_128\\0', seed=0, nfold=5, epoch=5000, learning_rate=0.01, weight_decay=0.0, patience=100, feature_type='ChemBERTa', concatenate_type='graph_ae', hidden_feats=128, dropout=0.4, drug_in_feats=768, disease_in_feats=768, exp_name='GCN', dr_fingerprint=False, dis_prot_assoc=True)
2026-06-09 04:22:45,310 - INFO - Training on CPU
2026-06-09 04:22:45,881 - INFO - 5-Cross Validation: Fold 1
2026-06-09 04:22:46,364 - INFO - (Graph(num_nodes={'disease': 409, 'drug': 663},
      num_edges={('disease', 'di_di', 'disease'): 6507, ('disease', 'di_dr', 'drug'): 2532, ('drug', 'dr_di', 'disease'): 2532, ('drug', 'dr_dr', 'drug'): 10582},
      metagraph=[('disease', 'disease', 'di_di'), ('disease', 'drug', 'di_dr'), ('drug', 'disease', 'dr_di'), ('drug', 'drug', 'dr_dr')]), Graph(num_nodes={'disease': 409, 'drug': 663},
      num_edges={('disease', 'di_di', 'disease'): 6219, ('disease', 'di_dr', 'drug'): 2532, ('drug', 'dr_di', 'disease'): 2532, ('drug', 'dr_dr', 'drug'): 10132},
      metagraph=[('disease', 'disease', 'di_di'), ('disease', 'drug', 'di_dr'), ('drug', 'disease', 'dr_di'), ('drug', 'drug', 'dr_dr')]))
2026-06-09 04:22:46,587 - INFO - Number of total training samples: 216933, pos samples: 2025, neg samples: 214908
2026-06-09 04:22:46,587 - INFO - Number of total testing samples: 54234, pos samples: 507, neg samples: 53727
2026-06-09 04:22:48,975 - INFO - Loss pos weight: 106.127
2026-06-09 04:23:27,797 - INFO - Epoch 50 Loss: 0.610; Train AUC 0.944; AUC 0.834; AUPR: 0.075
2026-06-09 04:24:05,150 - INFO - Epoch 100 Loss: 0.446; Train AUC 0.973; AUC 0.871; AUPR: 0.121
2026-06-09 04:24:42,739 - INFO - Epoch 150 Loss: 0.297; Train AUC 0.984; AUC 0.882; AUPR: 0.193
2026-06-09 04:25:19,835 - INFO - Epoch 200 Loss: 0.248; Train AUC 0.989; AUC 0.892; AUPR: 0.237
2026-06-09 04:25:56,294 - INFO - Epoch 250 Loss: 0.220; Train AUC 0.991; AUC 0.897; AUPR: 0.259
2026-06-09 04:26:32,499 - INFO - Epoch 300 Loss: 0.188; Train AUC 0.993; AUC 0.890; AUPR: 0.266
2026-06-09 04:27:08,662 - INFO - Epoch 350 Loss: 0.177; Train AUC 0.993; AUC 0.893; AUPR: 0.275
2026-06-09 04:27:45,022 - INFO - Epoch 400 Loss: 0.163; Train AUC 0.994; AUC 0.897; AUPR: 0.349
2026-06-09 04:28:21,111 - INFO - Epoch 450 Loss: 0.162; Train AUC 0.994; AUC 0.898; AUPR: 0.280
2026-06-09 04:28:57,324 - INFO - Epoch 500 Loss: 0.151; Train AUC 0.995; AUC 0.901; AUPR: 0.333
2026-06-09 04:29:33,515 - INFO - Epoch 550 Loss: 0.152; Train AUC 0.995; AUC 0.905; AUPR: 0.301
2026-06-09 04:30:09,757 - INFO - Epoch 600 Loss: 0.134; Train AUC 0.996; AUC 0.902; AUPR: 0.332
2026-06-09 04:30:46,148 - INFO - Epoch 650 Loss: 0.121; Train AUC 0.997; AUC 0.908; AUPR: 0.368
2026-06-09 04:31:23,152 - INFO - Epoch 700 Loss: 0.127; Train AUC 0.996; AUC 0.905; AUPR: 0.376
2026-06-09 04:31:59,377 - INFO - Epoch 750 Loss: 0.123; Train AUC 0.996; AUC 0.905; AUPR: 0.361
2026-06-09 04:32:34,981 - INFO - Epoch 800 Loss: 0.115; Train AUC 0.997; AUC 0.894; AUPR: 0.408
2026-06-09 04:33:10,835 - INFO - Epoch 850 Loss: 0.108; Train AUC 0.997; AUC 0.907; AUPR: 0.374
2026-06-09 04:33:46,695 - INFO - Epoch 900 Loss: 0.107; Train AUC 0.997; AUC 0.902; AUPR: 0.397
2026-06-09 04:34:22,854 - INFO - Epoch 950 Loss: 0.109; Train AUC 0.997; AUC 0.908; AUPR: 0.342
2026-06-09 04:34:58,947 - INFO - Epoch 1000 Loss: 0.102; Train AUC 0.997; AUC 0.906; AUPR: 0.399
2026-06-09 04:35:34,922 - INFO - Epoch 1050 Loss: 0.101; Train AUC 0.997; AUC 0.894; AUPR: 0.381
2026-06-09 04:36:10,946 - INFO - Epoch 1100 Loss: 0.104; Train AUC 0.997; AUC 0.902; AUPR: 0.358
2026-06-09 04:36:46,991 - INFO - Epoch 1150 Loss: 0.094; Train AUC 0.998; AUC 0.897; AUPR: 0.427
2026-06-09 04:37:22,785 - INFO - Epoch 1200 Loss: 0.092; Train AUC 0.998; AUC 0.897; AUPR: 0.371
2026-06-09 04:37:58,762 - INFO - Epoch 1250 Loss: 0.091; Train AUC 0.998; AUC 0.883; AUPR: 0.433
2026-06-09 04:38:34,678 - INFO - Epoch 1300 Loss: 0.097; Train AUC 0.998; AUC 0.904; AUPR: 0.397
2026-06-09 04:39:10,633 - INFO - Epoch 1350 Loss: 0.093; Train AUC 0.998; AUC 0.900; AUPR: 0.424
2026-06-09 04:39:46,365 - INFO - Epoch 1400 Loss: 0.087; Train AUC 0.998; AUC 0.895; AUPR: 0.391
2026-06-09 04:40:22,443 - INFO - Epoch 1450 Loss: 0.084; Train AUC 0.998; AUC 0.891; AUPR: 0.445
2026-06-09 04:40:58,232 - INFO - Epoch 1500 Loss: 0.091; Train AUC 0.998; AUC 0.896; AUPR: 0.387
2026-06-09 04:41:34,179 - INFO - Epoch 1550 Loss: 0.074; Train AUC 0.998; AUC 0.894; AUPR: 0.419
2026-06-09 04:42:10,389 - INFO - Epoch 1600 Loss: 0.083; Train AUC 0.998; AUC 0.880; AUPR: 0.433
2026-06-09 04:42:46,333 - INFO - Epoch 1650 Loss: 0.085; Train AUC 0.998; AUC 0.887; AUPR: 0.384
2026-06-09 04:43:22,312 - INFO - Epoch 1700 Loss: 0.072; Train AUC 0.998; AUC 0.886; AUPR: 0.384
2026-06-09 04:43:58,136 - INFO - Epoch 1750 Loss: 0.073; Train AUC 0.998; AUC 0.889; AUPR: 0.429
2026-06-09 04:44:34,252 - INFO - Epoch 1800 Loss: 0.073; Train AUC 0.999; AUC 0.885; AUPR: 0.438
2026-06-09 04:45:10,497 - INFO - Epoch 1850 Loss: 0.072; Train AUC 0.998; AUC 0.899; AUPR: 0.422
2026-06-09 04:45:46,512 - INFO - Epoch 1900 Loss: 0.073; Train AUC 0.998; AUC 0.894; AUPR: 0.417
2026-06-09 04:46:22,456 - INFO - Epoch 1950 Loss: 0.069; Train AUC 0.999; AUC 0.884; AUPR: 0.420
2026-06-09 04:46:58,259 - INFO - Epoch 2000 Loss: 0.076; Train AUC 0.998; AUC 0.886; AUPR: 0.451
2026-06-09 04:47:34,309 - INFO - Epoch 2050 Loss: 0.066; Train AUC 0.999; AUC 0.880; AUPR: 0.412
2026-06-09 04:48:10,389 - INFO - Epoch 2100 Loss: 0.074; Train AUC 0.999; AUC 0.881; AUPR: 0.424
2026-06-09 04:48:46,359 - INFO - Epoch 2150 Loss: 0.075; Train AUC 0.999; AUC 0.879; AUPR: 0.435
2026-06-09 04:49:21,826 - INFO - Epoch 2200 Loss: 0.075; Train AUC 0.998; AUC 0.895; AUPR: 0.385
2026-06-09 04:49:57,563 - INFO - Epoch 2250 Loss: 0.065; Train AUC 0.999; AUC 0.898; AUPR: 0.467
2026-06-09 04:50:33,616 - INFO - Epoch 2300 Loss: 0.067; Train AUC 0.999; AUC 0.896; AUPR: 0.431
2026-06-09 04:51:09,398 - INFO - Epoch 2350 Loss: 0.063; Train AUC 0.999; AUC 0.890; AUPR: 0.429
2026-06-09 04:51:45,172 - INFO - Epoch 2400 Loss: 0.063; Train AUC 0.999; AUC 0.882; AUPR: 0.422
2026-06-09 04:52:21,008 - INFO - Epoch 2450 Loss: 0.060; Train AUC 0.999; AUC 0.889; AUPR: 0.439
2026-06-09 04:52:57,184 - INFO - Epoch 2500 Loss: 0.061; Train AUC 0.999; AUC 0.884; AUPR: 0.464
2026-06-09 04:53:33,025 - INFO - Epoch 2550 Loss: 0.061; Train AUC 0.999; AUC 0.892; AUPR: 0.420
2026-06-09 04:54:08,979 - INFO - Epoch 2600 Loss: 0.062; Train AUC 0.999; AUC 0.894; AUPR: 0.451
2026-06-09 04:54:45,377 - INFO - Epoch 2650 Loss: 0.069; Train AUC 0.999; AUC 0.891; AUPR: 0.416
2026-06-09 04:55:21,400 - INFO - Epoch 2700 Loss: 0.063; Train AUC 0.999; AUC 0.885; AUPR: 0.442
2026-06-09 04:55:56,844 - INFO - Epoch 2750 Loss: 0.060; Train AUC 0.999; AUC 0.886; AUPR: 0.453
2026-06-09 04:56:32,777 - INFO - Epoch 2800 Loss: 0.057; Train AUC 0.999; AUC 0.881; AUPR: 0.418
2026-06-09 04:57:08,375 - INFO - Epoch 2850 Loss: 0.059; Train AUC 0.999; AUC 0.884; AUPR: 0.450
2026-06-09 04:57:43,997 - INFO - Epoch 2900 Loss: 0.061; Train AUC 0.999; AUC 0.880; AUPR: 0.473
2026-06-09 04:58:19,474 - INFO - Epoch 2950 Loss: 0.056; Train AUC 0.999; AUC 0.875; AUPR: 0.446
2026-06-09 04:58:55,175 - INFO - Epoch 3000 Loss: 0.059; Train AUC 0.999; AUC 0.892; AUPR: 0.479
2026-06-09 04:59:30,643 - INFO - Epoch 3050 Loss: 0.061; Train AUC 0.999; AUC 0.899; AUPR: 0.433
2026-06-09 05:00:06,277 - INFO - Epoch 3100 Loss: 0.058; Train AUC 0.999; AUC 0.887; AUPR: 0.448
2026-06-09 05:00:41,720 - INFO - Epoch 3150 Loss: 0.054; Train AUC 0.999; AUC 0.893; AUPR: 0.441
2026-06-09 05:01:17,426 - INFO - Epoch 3200 Loss: 0.061; Train AUC 0.999; AUC 0.888; AUPR: 0.463
2026-06-09 05:01:53,260 - INFO - Epoch 3250 Loss: 0.056; Train AUC 0.999; AUC 0.883; AUPR: 0.449
2026-06-09 05:02:28,960 - INFO - Epoch 3300 Loss: 0.053; Train AUC 0.999; AUC 0.896; AUPR: 0.431
2026-06-09 05:03:04,939 - INFO - Epoch 3350 Loss: 0.056; Train AUC 0.999; AUC 0.896; AUPR: 0.467
2026-06-09 05:03:40,689 - INFO - Epoch 3400 Loss: 0.053; Train AUC 0.999; AUC 0.887; AUPR: 0.435
2026-06-09 05:04:16,451 - INFO - Epoch 3450 Loss: 0.054; Train AUC 0.999; AUC 0.883; AUPR: 0.439
2026-06-09 05:04:52,132 - INFO - Epoch 3500 Loss: 0.054; Train AUC 0.999; AUC 0.877; AUPR: 0.406
2026-06-09 05:05:28,127 - INFO - Epoch 3550 Loss: 0.054; Train AUC 0.999; AUC 0.890; AUPR: 0.440
2026-06-09 05:06:03,528 - INFO - Epoch 3600 Loss: 0.052; Train AUC 0.999; AUC 0.883; AUPR: 0.428
2026-06-09 05:06:39,343 - INFO - Epoch 3650 Loss: 0.053; Train AUC 0.999; AUC 0.891; AUPR: 0.473
2026-06-09 05:07:15,302 - INFO - Epoch 3700 Loss: 0.055; Train AUC 0.999; AUC 0.890; AUPR: 0.471
2026-06-09 05:07:51,155 - INFO - Epoch 3750 Loss: 0.055; Train AUC 0.999; AUC 0.880; AUPR: 0.482
2026-06-09 05:08:27,052 - INFO - Epoch 3800 Loss: 0.051; Train AUC 0.999; AUC 0.873; AUPR: 0.455
2026-06-09 05:09:02,883 - INFO - Epoch 3850 Loss: 0.055; Train AUC 0.999; AUC 0.878; AUPR: 0.425
2026-06-09 05:09:38,729 - INFO - Epoch 3900 Loss: 0.052; Train AUC 0.999; AUC 0.874; AUPR: 0.438
2026-06-09 05:10:14,753 - INFO - Epoch 3950 Loss: 0.049; Train AUC 0.999; AUC 0.890; AUPR: 0.490
2026-06-09 05:10:50,719 - INFO - Epoch 4000 Loss: 0.048; Train AUC 0.999; AUC 0.890; AUPR: 0.465
2026-06-09 05:11:26,303 - INFO - Epoch 4050 Loss: 0.047; Train AUC 0.999; AUC 0.877; AUPR: 0.494
2026-06-09 05:12:02,030 - INFO - Epoch 4100 Loss: 0.047; Train AUC 0.999; AUC 0.870; AUPR: 0.482
2026-06-09 05:12:37,776 - INFO - Epoch 4150 Loss: 0.053; Train AUC 0.999; AUC 0.893; AUPR: 0.485
2026-06-09 05:13:13,562 - INFO - Epoch 4200 Loss: 0.044; Train AUC 0.999; AUC 0.885; AUPR: 0.487
2026-06-09 05:13:49,059 - INFO - Epoch 4250 Loss: 0.051; Train AUC 0.999; AUC 0.882; AUPR: 0.456
2026-06-09 05:14:25,158 - INFO - Epoch 4300 Loss: 0.044; Train AUC 0.999; AUC 0.880; AUPR: 0.470
2026-06-09 05:15:01,400 - INFO - Epoch 4350 Loss: 0.044; Train AUC 0.999; AUC 0.881; AUPR: 0.469
2026-06-09 05:15:37,230 - INFO - Epoch 4400 Loss: 0.051; Train AUC 0.999; AUC 0.880; AUPR: 0.446
2026-06-09 05:16:13,313 - INFO - Epoch 4450 Loss: 0.044; Train AUC 0.999; AUC 0.865; AUPR: 0.469
2026-06-09 05:16:48,777 - INFO - Epoch 4500 Loss: 0.048; Train AUC 0.999; AUC 0.876; AUPR: 0.462
2026-06-09 05:17:24,856 - INFO - Epoch 4550 Loss: 0.045; Train AUC 0.999; AUC 0.894; AUPR: 0.495
2026-06-09 05:18:00,703 - INFO - Epoch 4600 Loss: 0.048; Train AUC 0.999; AUC 0.868; AUPR: 0.483
2026-06-09 05:18:36,507 - INFO - Epoch 4650 Loss: 0.040; Train AUC 0.999; AUC 0.886; AUPR: 0.476
2026-06-09 05:19:12,512 - INFO - Epoch 4700 Loss: 0.046; Train AUC 0.999; AUC 0.893; AUPR: 0.459
2026-06-09 05:19:48,360 - INFO - Epoch 4750 Loss: 0.039; Train AUC 0.999; AUC 0.882; AUPR: 0.499
2026-06-09 05:20:24,038 - INFO - Epoch 4800 Loss: 0.040; Train AUC 0.999; AUC 0.884; AUPR: 0.470
2026-06-09 05:20:59,746 - INFO - Epoch 4850 Loss: 0.044; Train AUC 0.999; AUC 0.879; AUPR: 0.483
2026-06-09 05:21:35,646 - INFO - Epoch 4900 Loss: 0.044; Train AUC 0.999; AUC 0.880; AUPR: 0.457
2026-06-09 05:22:11,839 - INFO - Epoch 4950 Loss: 0.042; Train AUC 0.999; AUC 0.887; AUPR: 0.473
2026-06-09 05:22:47,979 - INFO - Epoch 5000 Loss: 0.042; Train AUC 0.999; AUC 0.884; AUPR: 0.474
2026-06-09 05:22:48,079 - INFO - 5-Cross Validation: Fold 2
2026-06-09 05:22:48,470 - INFO - (Graph(num_nodes={'disease': 409, 'drug': 663},
      num_edges={('disease', 'di_di', 'disease'): 6507, ('disease', 'di_dr', 'drug'): 2532, ('drug', 'dr_di', 'disease'): 2532, ('drug', 'dr_dr', 'drug'): 10582},
      metagraph=[('disease', 'disease', 'di_di'), ('disease', 'drug', 'di_dr'), ('drug', 'disease', 'dr_di'), ('drug', 'drug', 'dr_dr')]), Graph(num_nodes={'disease': 409, 'drug': 663},
      num_edges={('disease', 'di_di', 'disease'): 6219, ('disease', 'di_dr', 'drug'): 2532, ('drug', 'dr_di', 'disease'): 2532, ('drug', 'dr_dr', 'drug'): 10132},
      metagraph=[('disease', 'disease', 'di_di'), ('disease', 'drug', 'di_dr'), ('drug', 'disease', 'dr_di'), ('drug', 'drug', 'dr_dr')]))
2026-06-09 05:22:48,659 - INFO - Number of total training samples: 216933, pos samples: 2025, neg samples: 214908
2026-06-09 05:22:48,659 - INFO - Number of total testing samples: 54234, pos samples: 507, neg samples: 53727
2026-06-09 05:22:48,690 - INFO - Loss pos weight: 106.127
2026-06-09 05:23:24,774 - INFO - Epoch 50 Loss: 0.687; Train AUC 0.932; AUC 0.825; AUPR: 0.055
2026-06-09 05:24:00,792 - INFO - Epoch 100 Loss: 0.480; Train AUC 0.963; AUC 0.853; AUPR: 0.108
2026-06-09 05:24:36,811 - INFO - Epoch 150 Loss: 0.382; Train AUC 0.976; AUC 0.883; AUPR: 0.141
2026-06-09 05:25:13,096 - INFO - Epoch 200 Loss: 0.297; Train AUC 0.984; AUC 0.882; AUPR: 0.200
2026-06-09 05:25:49,159 - INFO - Epoch 250 Loss: 0.242; Train AUC 0.989; AUC 0.888; AUPR: 0.248
2026-06-09 05:26:25,085 - INFO - Epoch 300 Loss: 0.219; Train AUC 0.991; AUC 0.898; AUPR: 0.238
2026-06-09 05:27:00,932 - INFO - Epoch 350 Loss: 0.202; Train AUC 0.992; AUC 0.895; AUPR: 0.230
2026-06-09 05:27:37,933 - INFO - Epoch 400 Loss: 0.191; Train AUC 0.993; AUC 0.893; AUPR: 0.277
2026-06-09 05:28:16,888 - INFO - Epoch 450 Loss: 0.161; Train AUC 0.994; AUC 0.887; AUPR: 0.304
2026-06-09 05:28:52,416 - INFO - Epoch 500 Loss: 0.165; Train AUC 0.994; AUC 0.899; AUPR: 0.320
2026-06-09 05:29:28,374 - INFO - Epoch 550 Loss: 0.154; Train AUC 0.995; AUC 0.903; AUPR: 0.327
2026-06-09 05:30:04,437 - INFO - Epoch 600 Loss: 0.149; Train AUC 0.995; AUC 0.892; AUPR: 0.342
2026-06-09 05:30:40,516 - INFO - Epoch 650 Loss: 0.136; Train AUC 0.996; AUC 0.886; AUPR: 0.328
2026-06-09 05:31:16,243 - INFO - Epoch 700 Loss: 0.130; Train AUC 0.996; AUC 0.903; AUPR: 0.327
2026-06-09 05:31:52,444 - INFO - Epoch 750 Loss: 0.128; Train AUC 0.996; AUC 0.891; AUPR: 0.340
2026-06-09 05:32:28,296 - INFO - Epoch 800 Loss: 0.119; Train AUC 0.996; AUC 0.902; AUPR: 0.340
2026-06-09 05:33:04,411 - INFO - Epoch 850 Loss: 0.123; Train AUC 0.996; AUC 0.891; AUPR: 0.329
2026-06-09 05:33:40,228 - INFO - Epoch 900 Loss: 0.118; Train AUC 0.997; AUC 0.888; AUPR: 0.351
2026-06-09 05:34:16,123 - INFO - Epoch 950 Loss: 0.114; Train AUC 0.997; AUC 0.895; AUPR: 0.397
2026-06-09 05:34:52,346 - INFO - Epoch 1000 Loss: 0.103; Train AUC 0.997; AUC 0.892; AUPR: 0.393
2026-06-09 05:35:28,192 - INFO - Epoch 1050 Loss: 0.103; Train AUC 0.997; AUC 0.895; AUPR: 0.409
2026-06-09 05:36:04,041 - INFO - Epoch 1100 Loss: 0.113; Train AUC 0.997; AUC 0.892; AUPR: 0.338
2026-06-09 05:36:39,887 - INFO - Epoch 1150 Loss: 0.105; Train AUC 0.997; AUC 0.894; AUPR: 0.382
2026-06-09 05:37:15,932 - INFO - Epoch 1200 Loss: 0.101; Train AUC 0.997; AUC 0.888; AUPR: 0.375
2026-06-09 05:37:51,425 - INFO - Epoch 1250 Loss: 0.106; Train AUC 0.997; AUC 0.893; AUPR: 0.341
2026-06-09 05:38:27,176 - INFO - Epoch 1300 Loss: 0.093; Train AUC 0.998; AUC 0.900; AUPR: 0.394
2026-06-09 05:39:02,921 - INFO - Epoch 1350 Loss: 0.093; Train AUC 0.998; AUC 0.895; AUPR: 0.385
2026-06-09 05:39:38,721 - INFO - Epoch 1400 Loss: 0.097; Train AUC 0.998; AUC 0.900; AUPR: 0.400
2026-06-09 05:40:14,311 - INFO - Epoch 1450 Loss: 0.092; Train AUC 0.998; AUC 0.891; AUPR: 0.384
2026-06-09 05:40:50,194 - INFO - Epoch 1500 Loss: 0.092; Train AUC 0.998; AUC 0.887; AUPR: 0.391
2026-06-09 05:41:25,983 - INFO - Epoch 1550 Loss: 0.087; Train AUC 0.998; AUC 0.895; AUPR: 0.400
2026-06-09 05:42:01,949 - INFO - Epoch 1600 Loss: 0.091; Train AUC 0.998; AUC 0.891; AUPR: 0.389
2026-06-09 05:42:38,099 - INFO - Epoch 1650 Loss: 0.095; Train AUC 0.998; AUC 0.890; AUPR: 0.367
2026-06-09 05:43:13,897 - INFO - Epoch 1700 Loss: 0.086; Train AUC 0.998; AUC 0.893; AUPR: 0.419
2026-06-09 05:43:49,639 - INFO - Epoch 1750 Loss: 0.086; Train AUC 0.998; AUC 0.887; AUPR: 0.398
2026-06-09 05:44:25,274 - INFO - Epoch 1800 Loss: 0.078; Train AUC 0.998; AUC 0.898; AUPR: 0.408
2026-06-09 05:45:01,546 - INFO - Epoch 1850 Loss: 0.082; Train AUC 0.998; AUC 0.898; AUPR: 0.417
2026-06-09 05:45:37,128 - INFO - Epoch 1900 Loss: 0.075; Train AUC 0.998; AUC 0.891; AUPR: 0.408
2026-06-09 05:46:13,182 - INFO - Epoch 1950 Loss: 0.085; Train AUC 0.998; AUC 0.896; AUPR: 0.384
2026-06-09 05:46:48,956 - INFO - Epoch 2000 Loss: 0.078; Train AUC 0.998; AUC 0.890; AUPR: 0.424
2026-06-09 05:47:24,923 - INFO - Epoch 2050 Loss: 0.075; Train AUC 0.998; AUC 0.893; AUPR: 0.372
2026-06-09 05:48:00,873 - INFO - Epoch 2100 Loss: 0.075; Train AUC 0.998; AUC 0.880; AUPR: 0.394
2026-06-09 05:48:36,667 - INFO - Epoch 2150 Loss: 0.074; Train AUC 0.998; AUC 0.899; AUPR: 0.425
2026-06-09 05:49:12,634 - INFO - Epoch 2200 Loss: 0.077; Train AUC 0.998; AUC 0.885; AUPR: 0.388
2026-06-09 05:49:48,349 - INFO - Epoch 2250 Loss: 0.071; Train AUC 0.999; AUC 0.893; AUPR: 0.423
2026-06-09 05:50:24,489 - INFO - Epoch 2300 Loss: 0.073; Train AUC 0.999; AUC 0.889; AUPR: 0.422
2026-06-09 05:50:59,979 - INFO - Epoch 2350 Loss: 0.071; Train AUC 0.999; AUC 0.882; AUPR: 0.403
2026-06-09 05:51:35,656 - INFO - Epoch 2400 Loss: 0.070; Train AUC 0.999; AUC 0.889; AUPR: 0.436
2026-06-09 05:52:11,243 - INFO - Epoch 2450 Loss: 0.066; Train AUC 0.999; AUC 0.890; AUPR: 0.403
2026-06-09 05:52:47,083 - INFO - Epoch 2500 Loss: 0.065; Train AUC 0.999; AUC 0.893; AUPR: 0.430
2026-06-09 05:53:22,730 - INFO - Epoch 2550 Loss: 0.065; Train AUC 0.999; AUC 0.882; AUPR: 0.423
2026-06-09 05:53:58,825 - INFO - Epoch 2600 Loss: 0.069; Train AUC 0.999; AUC 0.892; AUPR: 0.408
2026-06-09 05:54:34,539 - INFO - Epoch 2650 Loss: 0.063; Train AUC 0.999; AUC 0.888; AUPR: 0.443
2026-06-09 05:55:10,617 - INFO - Epoch 2700 Loss: 0.065; Train AUC 0.999; AUC 0.878; AUPR: 0.408
2026-06-09 05:55:46,762 - INFO - Epoch 2750 Loss: 0.064; Train AUC 0.999; AUC 0.887; AUPR: 0.443
2026-06-09 05:56:22,253 - INFO - Epoch 2800 Loss: 0.057; Train AUC 0.999; AUC 0.882; AUPR: 0.409
2026-06-09 05:56:57,915 - INFO - Epoch 2850 Loss: 0.064; Train AUC 0.999; AUC 0.889; AUPR: 0.444
2026-06-09 05:57:33,752 - INFO - Epoch 2900 Loss: 0.063; Train AUC 0.999; AUC 0.885; AUPR: 0.419
2026-06-09 05:58:09,736 - INFO - Epoch 2950 Loss: 0.063; Train AUC 0.999; AUC 0.886; AUPR: 0.421
2026-06-09 05:58:45,300 - INFO - Epoch 3000 Loss: 0.055; Train AUC 0.999; AUC 0.888; AUPR: 0.417
2026-06-09 05:59:21,096 - INFO - Epoch 3050 Loss: 0.074; Train AUC 0.999; AUC 0.880; AUPR: 0.448
2026-06-09 05:59:56,475 - INFO - Epoch 3100 Loss: 0.059; Train AUC 0.999; AUC 0.901; AUPR: 0.415
2026-06-09 06:00:32,068 - INFO - Epoch 3150 Loss: 0.062; Train AUC 0.999; AUC 0.890; AUPR: 0.427
2026-06-09 06:01:07,718 - INFO - Epoch 3200 Loss: 0.061; Train AUC 0.999; AUC 0.886; AUPR: 0.452
2026-06-09 06:01:43,349 - INFO - Epoch 3250 Loss: 0.054; Train AUC 0.999; AUC 0.879; AUPR: 0.441
2026-06-09 06:02:19,032 - INFO - Epoch 3300 Loss: 0.059; Train AUC 0.999; AUC 0.887; AUPR: 0.427
2026-06-09 06:02:54,450 - INFO - Epoch 3350 Loss: 0.052; Train AUC 0.999; AUC 0.880; AUPR: 0.434
2026-06-09 06:03:30,194 - INFO - Epoch 3400 Loss: 0.059; Train AUC 0.999; AUC 0.897; AUPR: 0.429
2026-06-09 06:04:05,676 - INFO - Epoch 3450 Loss: 0.054; Train AUC 0.999; AUC 0.885; AUPR: 0.448
2026-06-09 06:04:41,824 - INFO - Epoch 3500 Loss: 0.054; Train AUC 0.999; AUC 0.886; AUPR: 0.454
2026-06-09 06:05:17,660 - INFO - Epoch 3550 Loss: 0.072; Train AUC 0.999; AUC 0.889; AUPR: 0.389
2026-06-09 06:05:53,582 - INFO - Epoch 3600 Loss: 0.049; Train AUC 0.999; AUC 0.890; AUPR: 0.442
2026-06-09 06:06:29,399 - INFO - Epoch 3650 Loss: 0.055; Train AUC 0.999; AUC 0.901; AUPR: 0.463
2026-06-09 06:07:05,427 - INFO - Epoch 3700 Loss: 0.058; Train AUC 0.999; AUC 0.889; AUPR: 0.468
2026-06-09 06:07:41,370 - INFO - Epoch 3750 Loss: 0.056; Train AUC 0.999; AUC 0.879; AUPR: 0.426
2026-06-09 06:08:17,316 - INFO - Epoch 3800 Loss: 0.055; Train AUC 0.999; AUC 0.883; AUPR: 0.408
2026-06-09 06:08:52,959 - INFO - Epoch 3850 Loss: 0.055; Train AUC 0.999; AUC 0.888; AUPR: 0.431
2026-06-09 06:09:28,865 - INFO - Epoch 3900 Loss: 0.050; Train AUC 0.999; AUC 0.880; AUPR: 0.461
2026-06-09 06:10:04,960 - INFO - Epoch 3950 Loss: 0.050; Train AUC 0.999; AUC 0.880; AUPR: 0.447
2026-06-09 06:10:40,777 - INFO - Epoch 4000 Loss: 0.049; Train AUC 0.999; AUC 0.881; AUPR: 0.452
2026-06-09 06:11:16,416 - INFO - Epoch 4050 Loss: 0.052; Train AUC 0.999; AUC 0.889; AUPR: 0.460
2026-06-09 06:11:52,202 - INFO - Epoch 4100 Loss: 0.049; Train AUC 0.999; AUC 0.880; AUPR: 0.430
2026-06-09 06:12:28,194 - INFO - Epoch 4150 Loss: 0.049; Train AUC 0.999; AUC 0.882; AUPR: 0.444
2026-06-09 06:13:03,896 - INFO - Epoch 4200 Loss: 0.047; Train AUC 0.999; AUC 0.882; AUPR: 0.467
2026-06-09 06:13:39,667 - INFO - Epoch 4250 Loss: 0.050; Train AUC 0.999; AUC 0.883; AUPR: 0.467
2026-06-09 06:14:15,244 - INFO - Epoch 4300 Loss: 0.049; Train AUC 0.999; AUC 0.878; AUPR: 0.422
2026-06-09 06:14:51,161 - INFO - Epoch 4350 Loss: 0.043; Train AUC 0.999; AUC 0.886; AUPR: 0.470
2026-06-09 06:15:26,978 - INFO - Epoch 4400 Loss: 0.053; Train AUC 0.999; AUC 0.879; AUPR: 0.450
2026-06-09 06:16:02,834 - INFO - Epoch 4450 Loss: 0.046; Train AUC 0.999; AUC 0.870; AUPR: 0.445
2026-06-09 06:16:38,505 - INFO - Epoch 4500 Loss: 0.047; Train AUC 0.999; AUC 0.883; AUPR: 0.445
2026-06-09 06:17:14,262 - INFO - Epoch 4550 Loss: 0.044; Train AUC 0.999; AUC 0.878; AUPR: 0.433
2026-06-09 06:17:50,129 - INFO - Epoch 4600 Loss: 0.053; Train AUC 0.999; AUC 0.875; AUPR: 0.425
2026-06-09 06:18:25,740 - INFO - Epoch 4650 Loss: 0.049; Train AUC 0.999; AUC 0.885; AUPR: 0.461
2026-06-09 06:19:01,480 - INFO - Epoch 4700 Loss: 0.040; Train AUC 0.999; AUC 0.876; AUPR: 0.447
2026-06-09 06:19:36,819 - INFO - Epoch 4750 Loss: 0.047; Train AUC 0.999; AUC 0.879; AUPR: 0.410
2026-06-09 06:20:12,522 - INFO - Epoch 4800 Loss: 0.043; Train AUC 0.999; AUC 0.876; AUPR: 0.463
2026-06-09 06:20:48,106 - INFO - Epoch 4850 Loss: 0.046; Train AUC 0.999; AUC 0.875; AUPR: 0.407
2026-06-09 06:21:23,779 - INFO - Epoch 4900 Loss: 0.042; Train AUC 0.999; AUC 0.882; AUPR: 0.445
2026-06-09 06:21:59,505 - INFO - Epoch 4950 Loss: 0.052; Train AUC 0.999; AUC 0.887; AUPR: 0.442
2026-06-09 06:22:35,278 - INFO - Epoch 5000 Loss: 0.044; Train AUC 0.999; AUC 0.893; AUPR: 0.423
2026-06-09 06:22:35,344 - INFO - 5-Cross Validation: Fold 3
2026-06-09 06:22:35,772 - INFO - (Graph(num_nodes={'disease': 409, 'drug': 663},
      num_edges={('disease', 'di_di', 'disease'): 6507, ('disease', 'di_dr', 'drug'): 2532, ('drug', 'dr_di', 'disease'): 2532, ('drug', 'dr_dr', 'drug'): 10582},
      metagraph=[('disease', 'disease', 'di_di'), ('disease', 'drug', 'di_dr'), ('drug', 'disease', 'dr_di'), ('drug', 'drug', 'dr_dr')]), Graph(num_nodes={'disease': 409, 'drug': 663},
      num_edges={('disease', 'di_di', 'disease'): 6219, ('disease', 'di_dr', 'drug'): 2532, ('drug', 'dr_di', 'disease'): 2532, ('drug', 'dr_dr', 'drug'): 10132},
      metagraph=[('disease', 'disease', 'di_di'), ('disease', 'drug', 'di_dr'), ('drug', 'disease', 'dr_di'), ('drug', 'drug', 'dr_dr')]))
2026-06-09 06:22:35,948 - INFO - Number of total training samples: 216934, pos samples: 2026, neg samples: 214908
2026-06-09 06:22:35,948 - INFO - Number of total testing samples: 54233, pos samples: 506, neg samples: 53727
2026-06-09 06:22:35,964 - INFO - Loss pos weight: 106.075
2026-06-09 06:23:11,836 - INFO - Epoch 50 Loss: 0.614; Train AUC 0.943; AUC 0.810; AUPR: 0.058
2026-06-09 06:23:47,800 - INFO - Epoch 100 Loss: 0.419; Train AUC 0.972; AUC 0.860; AUPR: 0.149
2026-06-09 06:24:23,756 - INFO - Epoch 150 Loss: 0.312; Train AUC 0.983; AUC 0.875; AUPR: 0.169
2026-06-09 06:24:59,918 - INFO - Epoch 200 Loss: 0.251; Train AUC 0.988; AUC 0.883; AUPR: 0.210
2026-06-09 06:25:35,914 - INFO - Epoch 250 Loss: 0.214; Train AUC 0.991; AUC 0.897; AUPR: 0.232
2026-06-09 06:26:11,642 - INFO - Epoch 300 Loss: 0.202; Train AUC 0.992; AUC 0.907; AUPR: 0.273
2026-06-09 06:26:47,487 - INFO - Epoch 350 Loss: 0.181; Train AUC 0.993; AUC 0.896; AUPR: 0.311
2026-06-09 06:27:23,395 - INFO - Epoch 400 Loss: 0.154; Train AUC 0.995; AUC 0.900; AUPR: 0.316
2026-06-09 06:27:59,174 - INFO - Epoch 450 Loss: 0.159; Train AUC 0.995; AUC 0.905; AUPR: 0.307
2026-06-09 06:28:34,766 - INFO - Epoch 500 Loss: 0.141; Train AUC 0.996; AUC 0.904; AUPR: 0.334
2026-06-09 06:29:10,434 - INFO - Epoch 550 Loss: 0.132; Train AUC 0.996; AUC 0.912; AUPR: 0.336
2026-06-09 06:29:46,052 - INFO - Epoch 600 Loss: 0.129; Train AUC 0.996; AUC 0.910; AUPR: 0.373
2026-06-09 06:30:21,841 - INFO - Epoch 650 Loss: 0.135; Train AUC 0.996; AUC 0.893; AUPR: 0.356
2026-06-09 06:30:57,359 - INFO - Epoch 700 Loss: 0.125; Train AUC 0.996; AUC 0.907; AUPR: 0.354
2026-06-09 06:31:32,812 - INFO - Epoch 750 Loss: 0.118; Train AUC 0.997; AUC 0.900; AUPR: 0.362
2026-06-09 06:32:08,430 - INFO - Epoch 800 Loss: 0.115; Train AUC 0.997; AUC 0.905; AUPR: 0.350
2026-06-09 06:32:43,827 - INFO - Epoch 850 Loss: 0.114; Train AUC 0.997; AUC 0.901; AUPR: 0.338
2026-06-09 06:33:19,672 - INFO - Epoch 900 Loss: 0.110; Train AUC 0.997; AUC 0.904; AUPR: 0.376
2026-06-09 06:33:55,240 - INFO - Epoch 950 Loss: 0.105; Train AUC 0.997; AUC 0.905; AUPR: 0.402
2026-06-09 06:34:31,194 - INFO - Epoch 1000 Loss: 0.104; Train AUC 0.997; AUC 0.901; AUPR: 0.365
2026-06-09 06:35:07,226 - INFO - Epoch 1050 Loss: 0.103; Train AUC 0.997; AUC 0.899; AUPR: 0.332
2026-06-09 06:35:42,900 - INFO - Epoch 1100 Loss: 0.113; Train AUC 0.997; AUC 0.902; AUPR: 0.372
2026-06-09 06:36:18,522 - INFO - Epoch 1150 Loss: 0.098; Train AUC 0.998; AUC 0.900; AUPR: 0.387
2026-06-09 06:36:55,474 - INFO - Epoch 1200 Loss: 0.091; Train AUC 0.998; AUC 0.909; AUPR: 0.409
2026-06-09 06:37:31,080 - INFO - Epoch 1250 Loss: 0.100; Train AUC 0.997; AUC 0.903; AUPR: 0.368
2026-06-09 06:38:06,670 - INFO - Epoch 1300 Loss: 0.091; Train AUC 0.998; AUC 0.900; AUPR: 0.389
2026-06-09 06:38:42,316 - INFO - Epoch 1350 Loss: 0.092; Train AUC 0.998; AUC 0.888; AUPR: 0.365
2026-06-09 06:39:17,730 - INFO - Epoch 1400 Loss: 0.090; Train AUC 0.998; AUC 0.896; AUPR: 0.403
2026-06-09 06:39:53,212 - INFO - Epoch 1450 Loss: 0.096; Train AUC 0.998; AUC 0.891; AUPR: 0.381
2026-06-09 06:40:28,619 - INFO - Epoch 1500 Loss: 0.084; Train AUC 0.998; AUC 0.910; AUPR: 0.372
2026-06-09 06:41:04,221 - INFO - Epoch 1550 Loss: 0.079; Train AUC 0.998; AUC 0.906; AUPR: 0.440
2026-06-09 06:41:39,640 - INFO - Epoch 1600 Loss: 0.081; Train AUC 0.998; AUC 0.901; AUPR: 0.374
2026-06-09 06:42:15,116 - INFO - Epoch 1650 Loss: 0.080; Train AUC 0.998; AUC 0.896; AUPR: 0.432
2026-06-09 06:42:50,491 - INFO - Epoch 1700 Loss: 0.077; Train AUC 0.998; AUC 0.893; AUPR: 0.419
2026-06-09 06:43:26,162 - INFO - Epoch 1750 Loss: 0.085; Train AUC 0.998; AUC 0.896; AUPR: 0.413
2026-06-09 06:44:01,620 - INFO - Epoch 1800 Loss: 0.083; Train AUC 0.998; AUC 0.897; AUPR: 0.370
2026-06-09 06:44:37,559 - INFO - Epoch 1850 Loss: 0.075; Train AUC 0.998; AUC 0.897; AUPR: 0.417
2026-06-09 06:45:13,481 - INFO - Epoch 1900 Loss: 0.081; Train AUC 0.998; AUC 0.898; AUPR: 0.394
2026-06-09 06:45:49,234 - INFO - Epoch 1950 Loss: 0.079; Train AUC 0.998; AUC 0.918; AUPR: 0.403
2026-06-09 06:46:25,337 - INFO - Epoch 2000 Loss: 0.074; Train AUC 0.998; AUC 0.886; AUPR: 0.424
2026-06-09 06:47:01,079 - INFO - Epoch 2050 Loss: 0.067; Train AUC 0.999; AUC 0.898; AUPR: 0.424
2026-06-09 06:47:36,887 - INFO - Epoch 2100 Loss: 0.069; Train AUC 0.999; AUC 0.892; AUPR: 0.426
2026-06-09 06:48:12,769 - INFO - Epoch 2150 Loss: 0.072; Train AUC 0.998; AUC 0.911; AUPR: 0.410
2026-06-09 06:48:48,742 - INFO - Epoch 2200 Loss: 0.063; Train AUC 0.999; AUC 0.892; AUPR: 0.433
2026-06-09 06:49:24,398 - INFO - Epoch 2250 Loss: 0.066; Train AUC 0.999; AUC 0.889; AUPR: 0.426
2026-06-09 06:50:00,133 - INFO - Epoch 2300 Loss: 0.070; Train AUC 0.998; AUC 0.898; AUPR: 0.424
2026-06-09 06:50:36,087 - INFO - Epoch 2350 Loss: 0.069; Train AUC 0.999; AUC 0.890; AUPR: 0.416
2026-06-09 06:51:11,498 - INFO - Epoch 2400 Loss: 0.069; Train AUC 0.999; AUC 0.896; AUPR: 0.409
2026-06-09 06:51:46,977 - INFO - Epoch 2450 Loss: 0.063; Train AUC 0.999; AUC 0.898; AUPR: 0.453
2026-06-09 06:52:22,685 - INFO - Epoch 2500 Loss: 0.066; Train AUC 0.999; AUC 0.887; AUPR: 0.459
2026-06-09 06:52:58,486 - INFO - Epoch 2550 Loss: 0.058; Train AUC 0.999; AUC 0.899; AUPR: 0.422
2026-06-09 06:53:33,821 - INFO - Epoch 2600 Loss: 0.063; Train AUC 0.999; AUC 0.898; AUPR: 0.440
2026-06-09 06:54:09,375 - INFO - Epoch 2650 Loss: 0.070; Train AUC 0.999; AUC 0.894; AUPR: 0.434
2026-06-09 06:54:45,349 - INFO - Epoch 2700 Loss: 0.060; Train AUC 0.999; AUC 0.896; AUPR: 0.456
2026-06-09 06:55:20,969 - INFO - Epoch 2750 Loss: 0.067; Train AUC 0.999; AUC 0.881; AUPR: 0.407
2026-06-09 06:55:56,641 - INFO - Epoch 2800 Loss: 0.061; Train AUC 0.999; AUC 0.903; AUPR: 0.457
2026-06-09 06:56:32,348 - INFO - Epoch 2850 Loss: 0.064; Train AUC 0.999; AUC 0.898; AUPR: 0.397
2026-06-09 06:57:07,897 - INFO - Epoch 2900 Loss: 0.054; Train AUC 0.999; AUC 0.887; AUPR: 0.451
2026-06-09 06:57:43,367 - INFO - Epoch 2950 Loss: 0.058; Train AUC 0.999; AUC 0.910; AUPR: 0.418
2026-06-09 06:58:19,027 - INFO - Epoch 3000 Loss: 0.059; Train AUC 0.999; AUC 0.897; AUPR: 0.439
2026-06-09 06:58:54,578 - INFO - Epoch 3050 Loss: 0.057; Train AUC 0.999; AUC 0.884; AUPR: 0.429
2026-06-09 06:59:30,018 - INFO - Epoch 3100 Loss: 0.064; Train AUC 0.999; AUC 0.897; AUPR: 0.437
2026-06-09 07:00:05,387 - INFO - Epoch 3150 Loss: 0.059; Train AUC 0.999; AUC 0.896; AUPR: 0.459
2026-06-09 07:00:41,061 - INFO - Epoch 3200 Loss: 0.051; Train AUC 0.999; AUC 0.894; AUPR: 0.436
2026-06-09 07:01:16,421 - INFO - Epoch 3250 Loss: 0.058; Train AUC 0.999; AUC 0.888; AUPR: 0.404
2026-06-09 07:01:51,900 - INFO - Epoch 3300 Loss: 0.060; Train AUC 0.999; AUC 0.893; AUPR: 0.443
2026-06-09 07:02:27,572 - INFO - Epoch 3350 Loss: 0.059; Train AUC 0.999; AUC 0.884; AUPR: 0.461
2026-06-09 07:03:03,528 - INFO - Epoch 3400 Loss: 0.057; Train AUC 0.999; AUC 0.876; AUPR: 0.429
2026-06-09 07:03:39,200 - INFO - Epoch 3450 Loss: 0.056; Train AUC 0.999; AUC 0.897; AUPR: 0.456
2026-06-09 07:04:15,211 - INFO - Epoch 3500 Loss: 0.057; Train AUC 0.999; AUC 0.894; AUPR: 0.440
2026-06-09 07:04:51,197 - INFO - Epoch 3550 Loss: 0.055; Train AUC 0.999; AUC 0.884; AUPR: 0.461
2026-06-09 07:05:27,089 - INFO - Epoch 3600 Loss: 0.053; Train AUC 0.999; AUC 0.885; AUPR: 0.442
2026-06-09 07:06:02,954 - INFO - Epoch 3650 Loss: 0.060; Train AUC 0.999; AUC 0.889; AUPR: 0.448
2026-06-09 07:06:38,726 - INFO - Epoch 3700 Loss: 0.052; Train AUC 0.999; AUC 0.877; AUPR: 0.430
2026-06-09 07:07:14,695 - INFO - Epoch 3750 Loss: 0.053; Train AUC 0.999; AUC 0.876; AUPR: 0.449
2026-06-09 07:07:50,570 - INFO - Epoch 3800 Loss: 0.052; Train AUC 0.999; AUC 0.890; AUPR: 0.425
2026-06-09 07:08:26,209 - INFO - Epoch 3850 Loss: 0.054; Train AUC 0.999; AUC 0.879; AUPR: 0.470
2026-06-09 07:09:02,034 - INFO - Epoch 3900 Loss: 0.047; Train AUC 0.999; AUC 0.891; AUPR: 0.455
2026-06-09 07:09:38,033 - INFO - Epoch 3950 Loss: 0.048; Train AUC 0.999; AUC 0.889; AUPR: 0.428
2026-06-09 07:10:13,806 - INFO - Epoch 4000 Loss: 0.045; Train AUC 0.999; AUC 0.879; AUPR: 0.450
2026-06-09 07:10:49,662 - INFO - Epoch 4050 Loss: 0.050; Train AUC 0.999; AUC 0.880; AUPR: 0.422
2026-06-09 07:11:25,465 - INFO - Epoch 4100 Loss: 0.055; Train AUC 0.999; AUC 0.880; AUPR: 0.450
2026-06-09 07:12:01,244 - INFO - Epoch 4150 Loss: 0.047; Train AUC 0.999; AUC 0.880; AUPR: 0.447
2026-06-09 07:12:36,821 - INFO - Epoch 4200 Loss: 0.049; Train AUC 0.999; AUC 0.893; AUPR: 0.447
2026-06-09 07:13:12,539 - INFO - Epoch 4250 Loss: 0.050; Train AUC 0.999; AUC 0.878; AUPR: 0.436
2026-06-09 07:13:48,055 - INFO - Epoch 4300 Loss: 0.045; Train AUC 0.999; AUC 0.889; AUPR: 0.433
2026-06-09 07:14:23,353 - INFO - Epoch 4350 Loss: 0.044; Train AUC 0.999; AUC 0.888; AUPR: 0.439
2026-06-09 07:14:59,364 - INFO - Epoch 4400 Loss: 0.047; Train AUC 0.999; AUC 0.904; AUPR: 0.476
2026-06-09 07:15:35,183 - INFO - Epoch 4450 Loss: 0.048; Train AUC 0.999; AUC 0.884; AUPR: 0.471
2026-06-09 07:16:11,063 - INFO - Epoch 4500 Loss: 0.047; Train AUC 0.999; AUC 0.883; AUPR: 0.470
2026-06-09 07:16:46,937 - INFO - Epoch 4550 Loss: 0.047; Train AUC 0.999; AUC 0.882; AUPR: 0.446
2026-06-09 07:17:22,582 - INFO - Epoch 4600 Loss: 0.040; Train AUC 0.999; AUC 0.885; AUPR: 0.441
2026-06-09 07:17:58,374 - INFO - Epoch 4650 Loss: 0.044; Train AUC 0.999; AUC 0.889; AUPR: 0.460
2026-06-09 07:18:34,076 - INFO - Epoch 4700 Loss: 0.042; Train AUC 0.999; AUC 0.901; AUPR: 0.451
2026-06-09 07:19:09,698 - INFO - Epoch 4750 Loss: 0.040; Train AUC 0.999; AUC 0.889; AUPR: 0.431
2026-06-09 07:19:45,422 - INFO - Epoch 4800 Loss: 0.043; Train AUC 0.999; AUC 0.893; AUPR: 0.454
2026-06-09 07:20:20,992 - INFO - Epoch 4850 Loss: 0.044; Train AUC 0.999; AUC 0.891; AUPR: 0.443
2026-06-09 07:20:56,628 - INFO - Epoch 4900 Loss: 0.047; Train AUC 0.999; AUC 0.893; AUPR: 0.411
2026-06-09 07:21:32,360 - INFO - Epoch 4950 Loss: 0.046; Train AUC 0.999; AUC 0.869; AUPR: 0.415
2026-06-09 07:22:08,433 - INFO - Epoch 5000 Loss: 0.041; Train AUC 0.999; AUC 0.889; AUPR: 0.448
2026-06-09 07:22:08,495 - INFO - 5-Cross Validation: Fold 4
2026-06-09 07:22:08,856 - INFO - (Graph(num_nodes={'disease': 409, 'drug': 663},
      num_edges={('disease', 'di_di', 'disease'): 6507, ('disease', 'di_dr', 'drug'): 2532, ('drug', 'dr_di', 'disease'): 2532, ('drug', 'dr_dr', 'drug'): 10582},
      metagraph=[('disease', 'disease', 'di_di'), ('disease', 'drug', 'di_dr'), ('drug', 'disease', 'dr_di'), ('drug', 'drug', 'dr_dr')]), Graph(num_nodes={'disease': 409, 'drug': 663},
      num_edges={('disease', 'di_di', 'disease'): 6219, ('disease', 'di_dr', 'drug'): 2532, ('drug', 'dr_di', 'disease'): 2532, ('drug', 'dr_dr', 'drug'): 10132},
      metagraph=[('disease', 'disease', 'di_di'), ('disease', 'drug', 'di_dr'), ('drug', 'disease', 'dr_di'), ('drug', 'drug', 'dr_dr')]))
2026-06-09 07:22:09,029 - INFO - Number of total training samples: 216934, pos samples: 2026, neg samples: 214908
2026-06-09 07:22:09,029 - INFO - Number of total testing samples: 54233, pos samples: 506, neg samples: 53727
2026-06-09 07:22:09,051 - INFO - Loss pos weight: 106.075
2026-06-09 07:22:45,173 - INFO - Epoch 50 Loss: 0.673; Train AUC 0.934; AUC 0.806; AUPR: 0.057
2026-06-09 07:23:21,837 - INFO - Epoch 100 Loss: 0.486; Train AUC 0.964; AUC 0.853; AUPR: 0.098
2026-06-09 07:23:57,784 - INFO - Epoch 150 Loss: 0.359; Train AUC 0.978; AUC 0.861; AUPR: 0.125
2026-06-09 07:24:33,664 - INFO - Epoch 200 Loss: 0.286; Train AUC 0.985; AUC 0.876; AUPR: 0.187
2026-06-09 07:25:09,857 - INFO - Epoch 250 Loss: 0.254; Train AUC 0.988; AUC 0.884; AUPR: 0.224
2026-06-09 07:25:45,880 - INFO - Epoch 300 Loss: 0.220; Train AUC 0.990; AUC 0.889; AUPR: 0.215
2026-06-09 07:26:21,596 - INFO - Epoch 350 Loss: 0.205; Train AUC 0.992; AUC 0.887; AUPR: 0.253
2026-06-09 07:26:57,253 - INFO - Epoch 400 Loss: 0.178; Train AUC 0.994; AUC 0.888; AUPR: 0.291
2026-06-09 07:27:33,235 - INFO - Epoch 450 Loss: 0.169; Train AUC 0.994; AUC 0.895; AUPR: 0.266
2026-06-09 07:28:09,208 - INFO - Epoch 500 Loss: 0.166; Train AUC 0.994; AUC 0.893; AUPR: 0.329
2026-06-09 07:28:44,676 - INFO - Epoch 550 Loss: 0.143; Train AUC 0.995; AUC 0.894; AUPR: 0.320
2026-06-09 07:29:20,411 - INFO - Epoch 600 Loss: 0.142; Train AUC 0.995; AUC 0.888; AUPR: 0.299
2026-06-09 07:29:55,879 - INFO - Epoch 650 Loss: 0.135; Train AUC 0.996; AUC 0.896; AUPR: 0.346
2026-06-09 07:30:31,715 - INFO - Epoch 700 Loss: 0.127; Train AUC 0.996; AUC 0.896; AUPR: 0.351
2026-06-09 07:31:07,142 - INFO - Epoch 750 Loss: 0.128; Train AUC 0.996; AUC 0.899; AUPR: 0.350
2026-06-09 07:31:42,785 - INFO - Epoch 800 Loss: 0.123; Train AUC 0.996; AUC 0.894; AUPR: 0.317
2026-06-09 07:32:18,242 - INFO - Epoch 850 Loss: 0.111; Train AUC 0.997; AUC 0.897; AUPR: 0.365
2026-06-09 07:32:54,089 - INFO - Epoch 900 Loss: 0.121; Train AUC 0.997; AUC 0.889; AUPR: 0.346
2026-06-09 07:33:29,579 - INFO - Epoch 950 Loss: 0.112; Train AUC 0.997; AUC 0.885; AUPR: 0.340
2026-06-09 07:34:05,381 - INFO - Epoch 1000 Loss: 0.100; Train AUC 0.997; AUC 0.898; AUPR: 0.392
2026-06-09 07:34:41,097 - INFO - Epoch 1050 Loss: 0.109; Train AUC 0.997; AUC 0.893; AUPR: 0.351
2026-06-09 07:35:17,016 - INFO - Epoch 1100 Loss: 0.108; Train AUC 0.997; AUC 0.886; AUPR: 0.342
2026-06-09 07:35:52,803 - INFO - Epoch 1150 Loss: 0.110; Train AUC 0.997; AUC 0.887; AUPR: 0.324
2026-06-09 07:36:28,363 - INFO - Epoch 1200 Loss: 0.099; Train AUC 0.998; AUC 0.883; AUPR: 0.381
2026-06-09 07:37:04,245 - INFO - Epoch 1250 Loss: 0.089; Train AUC 0.998; AUC 0.888; AUPR: 0.356
2026-06-09 07:37:40,132 - INFO - Epoch 1300 Loss: 0.094; Train AUC 0.998; AUC 0.885; AUPR: 0.415
2026-06-09 07:38:16,109 - INFO - Epoch 1350 Loss: 0.088; Train AUC 0.998; AUC 0.886; AUPR: 0.389
2026-06-09 07:38:51,865 - INFO - Epoch 1400 Loss: 0.090; Train AUC 0.998; AUC 0.880; AUPR: 0.364
2026-06-09 07:39:27,678 - INFO - Epoch 1450 Loss: 0.082; Train AUC 0.998; AUC 0.879; AUPR: 0.411
2026-06-09 07:40:03,366 - INFO - Epoch 1500 Loss: 0.084; Train AUC 0.998; AUC 0.891; AUPR: 0.391
2026-06-09 07:40:39,118 - INFO - Epoch 1550 Loss: 0.086; Train AUC 0.998; AUC 0.886; AUPR: 0.368
2026-06-09 07:41:15,659 - INFO - Epoch 1600 Loss: 0.088; Train AUC 0.998; AUC 0.891; AUPR: 0.363
2026-06-09 07:41:51,546 - INFO - Epoch 1650 Loss: 0.082; Train AUC 0.998; AUC 0.888; AUPR: 0.377
2026-06-09 07:42:27,033 - INFO - Epoch 1700 Loss: 0.073; Train AUC 0.998; AUC 0.888; AUPR: 0.407
2026-06-09 07:43:02,808 - INFO - Epoch 1750 Loss: 0.078; Train AUC 0.998; AUC 0.887; AUPR: 0.365
2026-06-09 07:43:38,405 - INFO - Epoch 1800 Loss: 0.088; Train AUC 0.998; AUC 0.885; AUPR: 0.382
2026-06-09 07:44:13,900 - INFO - Epoch 1850 Loss: 0.075; Train AUC 0.998; AUC 0.889; AUPR: 0.392
2026-06-09 07:44:49,934 - INFO - Epoch 1900 Loss: 0.077; Train AUC 0.998; AUC 0.882; AUPR: 0.420
2026-06-09 07:45:25,641 - INFO - Epoch 1950 Loss: 0.073; Train AUC 0.998; AUC 0.889; AUPR: 0.428
2026-06-09 07:46:01,423 - INFO - Epoch 2000 Loss: 0.079; Train AUC 0.998; AUC 0.889; AUPR: 0.402
2026-06-09 07:46:36,967 - INFO - Epoch 2050 Loss: 0.076; Train AUC 0.998; AUC 0.891; AUPR: 0.414
2026-06-09 07:47:12,753 - INFO - Epoch 2100 Loss: 0.076; Train AUC 0.998; AUC 0.875; AUPR: 0.400
2026-06-09 07:47:48,245 - INFO - Epoch 2150 Loss: 0.079; Train AUC 0.998; AUC 0.888; AUPR: 0.384
2026-06-09 07:48:23,884 - INFO - Epoch 2200 Loss: 0.067; Train AUC 0.999; AUC 0.890; AUPR: 0.405
2026-06-09 07:48:59,634 - INFO - Epoch 2250 Loss: 0.071; Train AUC 0.998; AUC 0.877; AUPR: 0.395
2026-06-09 07:49:35,358 - INFO - Epoch 2300 Loss: 0.067; Train AUC 0.999; AUC 0.887; AUPR: 0.406
2026-06-09 07:50:11,186 - INFO - Epoch 2350 Loss: 0.066; Train AUC 0.999; AUC 0.891; AUPR: 0.408
2026-06-09 07:50:47,065 - INFO - Epoch 2400 Loss: 0.067; Train AUC 0.999; AUC 0.882; AUPR: 0.403
2026-06-09 07:51:22,503 - INFO - Epoch 2450 Loss: 0.068; Train AUC 0.999; AUC 0.879; AUPR: 0.402
2026-06-09 07:51:58,088 - INFO - Epoch 2500 Loss: 0.062; Train AUC 0.999; AUC 0.883; AUPR: 0.387
2026-06-09 07:52:33,999 - INFO - Epoch 2550 Loss: 0.070; Train AUC 0.999; AUC 0.881; AUPR: 0.401
2026-06-09 07:53:09,737 - INFO - Epoch 2600 Loss: 0.064; Train AUC 0.999; AUC 0.885; AUPR: 0.425
2026-06-09 07:53:45,667 - INFO - Epoch 2650 Loss: 0.066; Train AUC 0.999; AUC 0.890; AUPR: 0.400
2026-06-09 07:54:21,110 - INFO - Epoch 2700 Loss: 0.063; Train AUC 0.999; AUC 0.879; AUPR: 0.413
2026-06-09 07:54:57,136 - INFO - Epoch 2750 Loss: 0.063; Train AUC 0.999; AUC 0.893; AUPR: 0.395
2026-06-09 07:55:33,335 - INFO - Epoch 2800 Loss: 0.060; Train AUC 0.999; AUC 0.890; AUPR: 0.417
2026-06-09 07:56:08,911 - INFO - Epoch 2850 Loss: 0.059; Train AUC 0.999; AUC 0.878; AUPR: 0.437
2026-06-09 07:56:44,942 - INFO - Epoch 2900 Loss: 0.066; Train AUC 0.999; AUC 0.895; AUPR: 0.394
2026-06-09 07:57:20,435 - INFO - Epoch 2950 Loss: 0.065; Train AUC 0.999; AUC 0.893; AUPR: 0.395
2026-06-09 07:57:56,386 - INFO - Epoch 3000 Loss: 0.057; Train AUC 0.999; AUC 0.885; AUPR: 0.400
2026-06-09 07:58:32,156 - INFO - Epoch 3050 Loss: 0.061; Train AUC 0.999; AUC 0.879; AUPR: 0.426
2026-06-09 07:59:07,874 - INFO - Epoch 3100 Loss: 0.060; Train AUC 0.999; AUC 0.891; AUPR: 0.437
2026-06-09 07:59:43,304 - INFO - Epoch 3150 Loss: 0.061; Train AUC 0.999; AUC 0.878; AUPR: 0.390
2026-06-09 08:00:18,973 - INFO - Epoch 3200 Loss: 0.058; Train AUC 0.999; AUC 0.896; AUPR: 0.447
2026-06-09 08:00:54,517 - INFO - Epoch 3250 Loss: 0.051; Train AUC 0.999; AUC 0.880; AUPR: 0.427
2026-06-09 08:01:29,918 - INFO - Epoch 3300 Loss: 0.058; Train AUC 0.999; AUC 0.890; AUPR: 0.419
2026-06-09 08:02:05,383 - INFO - Epoch 3350 Loss: 0.057; Train AUC 0.999; AUC 0.890; AUPR: 0.393
2026-06-09 08:02:41,273 - INFO - Epoch 3400 Loss: 0.056; Train AUC 0.999; AUC 0.885; AUPR: 0.426
2026-06-09 08:03:17,206 - INFO - Epoch 3450 Loss: 0.056; Train AUC 0.999; AUC 0.889; AUPR: 0.426
2026-06-09 08:03:52,894 - INFO - Epoch 3500 Loss: 0.059; Train AUC 0.999; AUC 0.875; AUPR: 0.397
2026-06-09 08:04:28,627 - INFO - Epoch 3550 Loss: 0.055; Train AUC 0.999; AUC 0.882; AUPR: 0.422
2026-06-09 08:05:05,002 - INFO - Epoch 3600 Loss: 0.054; Train AUC 0.999; AUC 0.893; AUPR: 0.431
2026-06-09 08:05:42,046 - INFO - Epoch 3650 Loss: 0.048; Train AUC 0.999; AUC 0.880; AUPR: 0.433
2026-06-09 08:06:20,248 - INFO - Epoch 3700 Loss: 0.051; Train AUC 0.999; AUC 0.873; AUPR: 0.404
2026-06-09 08:06:58,165 - INFO - Epoch 3750 Loss: 0.053; Train AUC 0.999; AUC 0.888; AUPR: 0.416
2026-06-09 08:07:34,955 - INFO - Epoch 3800 Loss: 0.050; Train AUC 0.999; AUC 0.882; AUPR: 0.405
2026-06-09 08:08:10,876 - INFO - Epoch 3850 Loss: 0.050; Train AUC 0.999; AUC 0.890; AUPR: 0.438
2026-06-09 08:08:46,654 - INFO - Epoch 3900 Loss: 0.052; Train AUC 0.999; AUC 0.883; AUPR: 0.402
2026-06-09 08:09:22,490 - INFO - Epoch 3950 Loss: 0.057; Train AUC 0.999; AUC 0.881; AUPR: 0.404
2026-06-09 08:09:58,431 - INFO - Epoch 4000 Loss: 0.052; Train AUC 0.999; AUC 0.880; AUPR: 0.431
2026-06-09 08:10:34,375 - INFO - Epoch 4050 Loss: 0.046; Train AUC 0.999; AUC 0.882; AUPR: 0.430
2026-06-09 08:11:10,370 - INFO - Epoch 4100 Loss: 0.049; Train AUC 0.999; AUC 0.893; AUPR: 0.418
2026-06-09 08:11:47,336 - INFO - Epoch 4150 Loss: 0.053; Train AUC 0.999; AUC 0.879; AUPR: 0.447
2026-06-09 08:12:23,936 - INFO - Epoch 4200 Loss: 0.047; Train AUC 0.999; AUC 0.888; AUPR: 0.442
2026-06-09 08:12:59,932 - INFO - Epoch 4250 Loss: 0.052; Train AUC 0.999; AUC 0.872; AUPR: 0.397
2026-06-09 08:13:37,268 - INFO - Epoch 4300 Loss: 0.043; Train AUC 0.999; AUC 0.883; AUPR: 0.421
2026-06-09 08:14:13,423 - INFO - Epoch 4350 Loss: 0.049; Train AUC 0.999; AUC 0.871; AUPR: 0.432
2026-06-09 08:14:49,551 - INFO - Epoch 4400 Loss: 0.045; Train AUC 0.999; AUC 0.879; AUPR: 0.389
2026-06-09 08:15:25,424 - INFO - Epoch 4450 Loss: 0.052; Train AUC 0.999; AUC 0.880; AUPR: 0.445
2026-06-09 08:16:01,190 - INFO - Epoch 4500 Loss: 0.055; Train AUC 0.999; AUC 0.882; AUPR: 0.424
2026-06-09 08:16:36,769 - INFO - Epoch 4550 Loss: 0.049; Train AUC 0.999; AUC 0.873; AUPR: 0.434
2026-06-09 08:17:12,538 - INFO - Epoch 4600 Loss: 0.042; Train AUC 0.999; AUC 0.884; AUPR: 0.441
2026-06-09 08:17:48,674 - INFO - Epoch 4650 Loss: 0.046; Train AUC 0.999; AUC 0.884; AUPR: 0.433
2026-06-09 08:18:24,321 - INFO - Epoch 4700 Loss: 0.044; Train AUC 0.999; AUC 0.877; AUPR: 0.454
2026-06-09 08:19:00,060 - INFO - Epoch 4750 Loss: 0.043; Train AUC 0.999; AUC 0.886; AUPR: 0.440
2026-06-09 08:19:35,666 - INFO - Epoch 4800 Loss: 0.042; Train AUC 0.999; AUC 0.887; AUPR: 0.402
2026-06-09 08:20:11,406 - INFO - Epoch 4850 Loss: 0.044; Train AUC 0.999; AUC 0.875; AUPR: 0.446
2026-06-09 08:20:47,608 - INFO - Epoch 4900 Loss: 0.048; Train AUC 0.999; AUC 0.881; AUPR: 0.437
2026-06-09 08:21:24,153 - INFO - Epoch 4950 Loss: 0.053; Train AUC 0.999; AUC 0.883; AUPR: 0.472
2026-06-09 08:22:00,139 - INFO - Epoch 5000 Loss: 0.048; Train AUC 0.999; AUC 0.892; AUPR: 0.412
2026-06-09 08:22:00,201 - INFO - 5-Cross Validation: Fold 5
2026-06-09 08:22:00,576 - INFO - (Graph(num_nodes={'disease': 409, 'drug': 663},
      num_edges={('disease', 'di_di', 'disease'): 6507, ('disease', 'di_dr', 'drug'): 2532, ('drug', 'dr_di', 'disease'): 2532, ('drug', 'dr_dr', 'drug'): 10582},
      metagraph=[('disease', 'disease', 'di_di'), ('disease', 'drug', 'di_dr'), ('drug', 'disease', 'dr_di'), ('drug', 'drug', 'dr_dr')]), Graph(num_nodes={'disease': 409, 'drug': 663},
      num_edges={('disease', 'di_di', 'disease'): 6219, ('disease', 'di_dr', 'drug'): 2532, ('drug', 'dr_di', 'disease'): 2532, ('drug', 'dr_dr', 'drug'): 10132},
      metagraph=[('disease', 'disease', 'di_di'), ('disease', 'drug', 'di_dr'), ('drug', 'disease', 'dr_di'), ('drug', 'drug', 'dr_dr')]))
2026-06-09 08:22:00,767 - INFO - Number of total training samples: 216934, pos samples: 2026, neg samples: 214908
2026-06-09 08:22:00,767 - INFO - Number of total testing samples: 54233, pos samples: 506, neg samples: 53727
2026-06-09 08:22:00,791 - INFO - Loss pos weight: 106.075
2026-06-09 08:22:36,818 - INFO - Epoch 50 Loss: 0.600; Train AUC 0.944; AUC 0.834; AUPR: 0.072
2026-06-09 08:23:12,440 - INFO - Epoch 100 Loss: 0.446; Train AUC 0.968; AUC 0.873; AUPR: 0.123
2026-06-09 08:23:48,497 - INFO - Epoch 150 Loss: 0.336; Train AUC 0.980; AUC 0.885; AUPR: 0.172
2026-06-09 08:24:37,180 - INFO - Epoch 200 Loss: 0.291; Train AUC 0.985; AUC 0.890; AUPR: 0.200
2026-06-09 08:25:24,686 - INFO - Epoch 250 Loss: 0.236; Train AUC 0.989; AUC 0.899; AUPR: 0.263
2026-06-09 08:26:11,679 - INFO - Epoch 300 Loss: 0.206; Train AUC 0.992; AUC 0.905; AUPR: 0.276
2026-06-09 08:26:58,716 - INFO - Epoch 350 Loss: 0.200; Train AUC 0.992; AUC 0.894; AUPR: 0.301
2026-06-09 08:27:46,001 - INFO - Epoch 400 Loss: 0.176; Train AUC 0.994; AUC 0.902; AUPR: 0.301
2026-06-09 08:28:33,319 - INFO - Epoch 450 Loss: 0.165; Train AUC 0.994; AUC 0.906; AUPR: 0.294
2026-06-09 08:29:20,412 - INFO - Epoch 500 Loss: 0.154; Train AUC 0.995; AUC 0.902; AUPR: 0.314
2026-06-09 08:30:07,363 - INFO - Epoch 550 Loss: 0.154; Train AUC 0.995; AUC 0.904; AUPR: 0.327
2026-06-09 08:30:54,180 - INFO - Epoch 600 Loss: 0.146; Train AUC 0.995; AUC 0.898; AUPR: 0.374
2026-06-09 08:31:38,699 - INFO - Epoch 650 Loss: 0.135; Train AUC 0.996; AUC 0.911; AUPR: 0.336
2026-06-09 08:32:14,312 - INFO - Epoch 700 Loss: 0.129; Train AUC 0.996; AUC 0.896; AUPR: 0.359
2026-06-09 08:32:49,877 - INFO - Epoch 750 Loss: 0.124; Train AUC 0.996; AUC 0.898; AUPR: 0.343
2026-06-09 08:33:25,731 - INFO - Epoch 800 Loss: 0.139; Train AUC 0.996; AUC 0.900; AUPR: 0.328
2026-06-09 08:34:01,256 - INFO - Epoch 850 Loss: 0.118; Train AUC 0.997; AUC 0.897; AUPR: 0.392
2026-06-09 08:34:37,301 - INFO - Epoch 900 Loss: 0.111; Train AUC 0.997; AUC 0.895; AUPR: 0.377
2026-06-09 08:35:13,595 - INFO - Epoch 950 Loss: 0.113; Train AUC 0.997; AUC 0.891; AUPR: 0.380
2026-06-09 08:35:49,574 - INFO - Epoch 1000 Loss: 0.107; Train AUC 0.997; AUC 0.898; AUPR: 0.383
2026-06-09 08:36:26,533 - INFO - Epoch 1050 Loss: 0.102; Train AUC 0.997; AUC 0.899; AUPR: 0.378
2026-06-09 08:37:04,045 - INFO - Epoch 1100 Loss: 0.101; Train AUC 0.997; AUC 0.901; AUPR: 0.390
2026-06-09 08:37:40,238 - INFO - Epoch 1150 Loss: 0.101; Train AUC 0.997; AUC 0.899; AUPR: 0.351
2026-06-09 08:38:15,687 - INFO - Epoch 1200 Loss: 0.104; Train AUC 0.997; AUC 0.901; AUPR: 0.407
2026-06-09 08:38:51,577 - INFO - Epoch 1250 Loss: 0.100; Train AUC 0.997; AUC 0.903; AUPR: 0.387
2026-06-09 08:39:26,962 - INFO - Epoch 1300 Loss: 0.096; Train AUC 0.998; AUC 0.889; AUPR: 0.399
2026-06-09 08:40:02,758 - INFO - Epoch 1350 Loss: 0.107; Train AUC 0.997; AUC 0.903; AUPR: 0.393
2026-06-09 08:40:38,485 - INFO - Epoch 1400 Loss: 0.092; Train AUC 0.998; AUC 0.893; AUPR: 0.411
2026-06-09 08:41:14,268 - INFO - Epoch 1450 Loss: 0.091; Train AUC 0.998; AUC 0.897; AUPR: 0.429
2026-06-09 08:41:49,795 - INFO - Epoch 1500 Loss: 0.090; Train AUC 0.998; AUC 0.899; AUPR: 0.420
2026-06-09 08:42:25,701 - INFO - Epoch 1550 Loss: 0.087; Train AUC 0.998; AUC 0.899; AUPR: 0.398
2026-06-09 08:43:01,499 - INFO - Epoch 1600 Loss: 0.093; Train AUC 0.998; AUC 0.894; AUPR: 0.431
2026-06-09 08:43:37,162 - INFO - Epoch 1650 Loss: 0.080; Train AUC 0.998; AUC 0.897; AUPR: 0.434
2026-06-09 08:44:14,225 - INFO - Epoch 1700 Loss: 0.082; Train AUC 0.998; AUC 0.885; AUPR: 0.409
2026-06-09 08:44:50,433 - INFO - Epoch 1750 Loss: 0.080; Train AUC 0.998; AUC 0.897; AUPR: 0.421
2026-06-09 08:45:26,393 - INFO - Epoch 1800 Loss: 0.077; Train AUC 0.998; AUC 0.890; AUPR: 0.403
2026-06-09 08:46:02,095 - INFO - Epoch 1850 Loss: 0.078; Train AUC 0.998; AUC 0.894; AUPR: 0.434
2026-06-09 08:46:38,006 - INFO - Epoch 1900 Loss: 0.084; Train AUC 0.998; AUC 0.888; AUPR: 0.428
2026-06-09 08:47:13,881 - INFO - Epoch 1950 Loss: 0.076; Train AUC 0.998; AUC 0.885; AUPR: 0.416
2026-06-09 08:47:50,096 - INFO - Epoch 2000 Loss: 0.073; Train AUC 0.998; AUC 0.898; AUPR: 0.434
2026-06-09 08:48:26,532 - INFO - Epoch 2050 Loss: 0.074; Train AUC 0.998; AUC 0.888; AUPR: 0.428
2026-06-09 08:49:02,484 - INFO - Epoch 2100 Loss: 0.068; Train AUC 0.999; AUC 0.908; AUPR: 0.431
2026-06-09 08:49:38,264 - INFO - Epoch 2150 Loss: 0.069; Train AUC 0.999; AUC 0.893; AUPR: 0.472
2026-06-09 08:50:13,997 - INFO - Epoch 2200 Loss: 0.069; Train AUC 0.999; AUC 0.897; AUPR: 0.447
2026-06-09 08:50:49,899 - INFO - Epoch 2250 Loss: 0.066; Train AUC 0.999; AUC 0.903; AUPR: 0.473
2026-06-09 08:51:25,328 - INFO - Epoch 2300 Loss: 0.067; Train AUC 0.999; AUC 0.875; AUPR: 0.437
2026-06-09 08:52:01,205 - INFO - Epoch 2350 Loss: 0.065; Train AUC 0.999; AUC 0.894; AUPR: 0.444
2026-06-09 08:52:36,582 - INFO - Epoch 2400 Loss: 0.074; Train AUC 0.999; AUC 0.891; AUPR: 0.452
2026-06-09 08:53:12,461 - INFO - Epoch 2450 Loss: 0.072; Train AUC 0.999; AUC 0.894; AUPR: 0.405
2026-06-09 08:53:47,783 - INFO - Epoch 2500 Loss: 0.065; Train AUC 0.999; AUC 0.897; AUPR: 0.455
2026-06-09 08:54:23,617 - INFO - Epoch 2550 Loss: 0.070; Train AUC 0.998; AUC 0.891; AUPR: 0.411
2026-06-09 08:54:59,433 - INFO - Epoch 2600 Loss: 0.063; Train AUC 0.999; AUC 0.884; AUPR: 0.448
2026-06-09 08:55:35,325 - INFO - Epoch 2650 Loss: 0.068; Train AUC 0.999; AUC 0.899; AUPR: 0.436
2026-06-09 08:56:11,077 - INFO - Epoch 2700 Loss: 0.064; Train AUC 0.999; AUC 0.894; AUPR: 0.461
2026-06-09 08:56:46,472 - INFO - Epoch 2750 Loss: 0.060; Train AUC 0.999; AUC 0.894; AUPR: 0.458
2026-06-09 08:57:22,402 - INFO - Epoch 2800 Loss: 0.060; Train AUC 0.999; AUC 0.893; AUPR: 0.456
2026-06-09 08:57:57,782 - INFO - Epoch 2850 Loss: 0.056; Train AUC 0.999; AUC 0.886; AUPR: 0.452
2026-06-09 08:58:33,515 - INFO - Epoch 2900 Loss: 0.057; Train AUC 0.999; AUC 0.890; AUPR: 0.435
2026-06-09 08:59:09,592 - INFO - Epoch 2950 Loss: 0.058; Train AUC 0.999; AUC 0.894; AUPR: 0.479
2026-06-09 08:59:45,978 - INFO - Epoch 3000 Loss: 0.058; Train AUC 0.999; AUC 0.899; AUPR: 0.473
2026-06-09 09:00:21,400 - INFO - Epoch 3050 Loss: 0.058; Train AUC 0.999; AUC 0.876; AUPR: 0.418
2026-06-09 09:00:57,086 - INFO - Epoch 3100 Loss: 0.058; Train AUC 0.999; AUC 0.901; AUPR: 0.468
2026-06-09 09:01:32,431 - INFO - Epoch 3150 Loss: 0.057; Train AUC 0.999; AUC 0.890; AUPR: 0.440
2026-06-09 09:02:08,105 - INFO - Epoch 3200 Loss: 0.062; Train AUC 0.999; AUC 0.888; AUPR: 0.451
2026-06-09 09:02:43,821 - INFO - Epoch 3250 Loss: 0.063; Train AUC 0.999; AUC 0.895; AUPR: 0.426
2026-06-09 09:03:19,846 - INFO - Epoch 3300 Loss: 0.062; Train AUC 0.999; AUC 0.890; AUPR: 0.455
2026-06-09 09:03:59,129 - INFO - Epoch 3350 Loss: 0.054; Train AUC 0.999; AUC 0.873; AUPR: 0.446
2026-06-09 09:04:38,364 - INFO - Epoch 3400 Loss: 0.055; Train AUC 0.999; AUC 0.885; AUPR: 0.461
2026-06-09 09:05:14,735 - INFO - Epoch 3450 Loss: 0.050; Train AUC 0.999; AUC 0.896; AUPR: 0.464
2026-06-09 09:05:50,304 - INFO - Epoch 3500 Loss: 0.056; Train AUC 0.999; AUC 0.886; AUPR: 0.463
2026-06-09 09:06:26,240 - INFO - Epoch 3550 Loss: 0.065; Train AUC 0.999; AUC 0.876; AUPR: 0.436
2026-06-09 09:07:04,585 - INFO - Epoch 3600 Loss: 0.056; Train AUC 0.999; AUC 0.871; AUPR: 0.410
2026-06-09 09:07:40,552 - INFO - Epoch 3650 Loss: 0.055; Train AUC 0.999; AUC 0.889; AUPR: 0.464
2026-06-09 09:08:16,281 - INFO - Epoch 3700 Loss: 0.048; Train AUC 0.999; AUC 0.877; AUPR: 0.465
2026-06-09 09:08:52,188 - INFO - Epoch 3750 Loss: 0.049; Train AUC 0.999; AUC 0.887; AUPR: 0.471
2026-06-09 09:09:28,073 - INFO - Epoch 3800 Loss: 0.053; Train AUC 0.999; AUC 0.872; AUPR: 0.443
2026-06-09 09:10:03,747 - INFO - Epoch 3850 Loss: 0.055; Train AUC 0.999; AUC 0.888; AUPR: 0.466
2026-06-09 09:10:39,337 - INFO - Epoch 3900 Loss: 0.055; Train AUC 0.999; AUC 0.898; AUPR: 0.463
2026-06-09 09:11:15,200 - INFO - Epoch 3950 Loss: 0.050; Train AUC 0.999; AUC 0.879; AUPR: 0.448
2026-06-09 09:11:50,825 - INFO - Epoch 4000 Loss: 0.053; Train AUC 0.999; AUC 0.878; AUPR: 0.470
2026-06-09 09:12:26,900 - INFO - Epoch 4050 Loss: 0.047; Train AUC 0.999; AUC 0.888; AUPR: 0.442
2026-06-09 09:13:03,670 - INFO - Epoch 4100 Loss: 0.048; Train AUC 0.999; AUC 0.889; AUPR: 0.472
2026-06-09 09:13:40,601 - INFO - Epoch 4150 Loss: 0.049; Train AUC 0.999; AUC 0.890; AUPR: 0.439
2026-06-09 09:14:15,613 - INFO - Epoch 4200 Loss: 0.051; Train AUC 0.999; AUC 0.878; AUPR: 0.478
2026-06-09 09:14:52,011 - INFO - Epoch 4250 Loss: 0.045; Train AUC 0.999; AUC 0.887; AUPR: 0.464
2026-06-09 09:15:28,037 - INFO - Epoch 4300 Loss: 0.047; Train AUC 0.999; AUC 0.888; AUPR: 0.493
2026-06-09 09:16:05,014 - INFO - Epoch 4350 Loss: 0.047; Train AUC 0.999; AUC 0.882; AUPR: 0.439
2026-06-09 09:16:39,753 - INFO - Epoch 4400 Loss: 0.049; Train AUC 0.999; AUC 0.864; AUPR: 0.463
2026-06-09 09:17:14,691 - INFO - Epoch 4450 Loss: 0.042; Train AUC 0.999; AUC 0.877; AUPR: 0.481
2026-06-09 09:17:51,098 - INFO - Epoch 4500 Loss: 0.043; Train AUC 0.999; AUC 0.879; AUPR: 0.446
2026-06-09 09:18:25,775 - INFO - Epoch 4550 Loss: 0.041; Train AUC 0.999; AUC 0.881; AUPR: 0.453
2026-06-09 09:19:00,041 - INFO - Epoch 4600 Loss: 0.049; Train AUC 0.999; AUC 0.881; AUPR: 0.461
2026-06-09 09:19:35,586 - INFO - Epoch 4650 Loss: 0.053; Train AUC 0.999; AUC 0.881; AUPR: 0.449
2026-06-09 09:20:24,867 - INFO - Epoch 4700 Loss: 0.043; Train AUC 0.999; AUC 0.882; AUPR: 0.461
2026-06-09 09:21:12,981 - INFO - Epoch 4750 Loss: 0.046; Train AUC 0.999; AUC 0.880; AUPR: 0.475
2026-06-09 09:21:51,786 - INFO - Epoch 4800 Loss: 0.044; Train AUC 0.999; AUC 0.881; AUPR: 0.453
2026-06-09 09:22:33,235 - INFO - Epoch 4850 Loss: 0.050; Train AUC 0.999; AUC 0.894; AUPR: 0.474
2026-06-09 09:23:10,645 - INFO - Epoch 4900 Loss: 0.043; Train AUC 0.999; AUC 0.877; AUPR: 0.448
2026-06-09 09:23:47,354 - INFO - Epoch 4950 Loss: 0.041; Train AUC 0.999; AUC 0.891; AUPR: 0.489
2026-06-09 09:24:23,915 - INFO - Epoch 5000 Loss: 0.042; Train AUC 0.999; AUC 0.880; AUPR: 0.485
2026-06-09 09:25:26,857 - INFO - Overall: AUC 0.904; AUPR: 0.563; Acc: 0.993; F1: 0.583; Precision 0.651; Recall 0.529
