2026-06-08 10:38:04,530 - INFO - Namespace(device_id=None, dataset='Cdataset', BERT_emb=False, LLM_emb=False, saved_path='../result\\GAT\\Cdataset_graph_ae_ChemBERTa_5000_0.4_128\\0', seed=0, nfold=5, epoch=5000, learning_rate=0.01, weight_decay=0, patience=100, feature_type='ChemBERTa', concatenate_type='graph_ae', hidden_feats=128, dropout=0.4, num_heads=2, clip_grad=1.0, leak_safe_mode=False, drug_in_feats=768, disease_in_feats=768, exp_name='GAT', dr_fingerprint=False, dis_prot_assoc=True)
2026-06-08 10:38:04,531 - INFO - 
======================================================================
2026-06-08 10:38:04,531 - INFO - GAT MODEL — Drug-Disease Association Prediction
2026-06-08 10:38:04,532 - INFO - ======================================================================
2026-06-08 10:38:04,532 - INFO - 
[LEAKAGE WARNING] Similarity matrices (dr_sim, di_sim) are computed
over ALL nodes before the train/test split.  When these matrices are
derived from the DDA label matrix (Gaussian/Jaccard kernel), test
association information leaks into graph construction.
Set --leak_safe_mode to True to recompute per-fold (slower).
For chemical/sequence similarities (Morgan, ChemBERTa, BERT) this
risk is lower because they are label-independent.

2026-06-08 10:38:04,532 - INFO - Training on CPU
2026-06-08 10:38:05,428 - INFO - 
------------------------------------------------------------
2026-06-08 10:38:05,429 - INFO - 5-Fold CV  |  Fold 1
2026-06-08 10:38:05,429 - INFO - ------------------------------------------------------------
2026-06-08 10:38:06,281 - INFO - Graph: Graph(num_nodes={'disease': 409, 'drug': 663},
      num_edges={('disease', 'di_di', 'disease'): 6507, ('disease', 'di_dr', 'drug'): 2532, ('drug', 'dr_di', 'disease'): 2532, ('drug', 'dr_dr', 'drug'): 10582},
      metagraph=[('disease', 'disease', 'di_di'), ('disease', 'drug', 'di_dr'), ('drug', 'disease', 'dr_di'), ('drug', 'drug', 'dr_dr')])
2026-06-08 10:38:06,734 - INFO - Train pairs: 195239  |  Val pairs: 21694  |  Test pairs: 54234
2026-06-08 10:38:06,826 - INFO - Model parameters: 905,987
2026-06-08 10:38:17,504 - INFO - BCE pos_weight: 106.127
2026-06-08 10:39:48,406 - INFO - Epoch   50  Loss: 1.1083  TrainAUC: 0.8016  ValAUC: 0.8176  TestAUC: 0.7989  TestAUPR: 0.0669  (patience 2/100)
2026-06-08 10:41:41,452 - INFO - Epoch  100  Loss: 0.7138  TrainAUC: 0.9210  ValAUC: 0.9388  TestAUC: 0.9054  TestAUPR: 0.2262  (patience 5/100)
2026-06-08 10:43:14,976 - INFO - Epoch  150  Loss: 0.5023  TrainAUC: 0.9601  ValAUC: 0.9588  TestAUC: 0.9161  TestAUPR: 0.2612  (patience 8/100)
2026-06-08 10:44:56,643 - INFO - Epoch  200  Loss: 0.3485  TrainAUC: 0.9795  ValAUC: 0.9771  TestAUC: 0.9371  TestAUPR: 0.3577  (patience 3/100)
2026-06-08 10:46:29,371 - INFO - Epoch  250  Loss: 0.2996  TrainAUC: 0.9845  ValAUC: 0.9804  TestAUC: 0.9431  TestAUPR: 0.4016  (patience 15/100)
2026-06-08 10:47:58,481 - INFO - Epoch  300  Loss: 0.2697  TrainAUC: 0.9876  ValAUC: 0.9834  TestAUC: 0.9416  TestAUPR: 0.4270  (patience 11/100)
2026-06-08 10:49:28,029 - INFO - Epoch  350  Loss: 0.2473  TrainAUC: 0.9890  ValAUC: 0.9824  TestAUC: 0.9413  TestAUPR: 0.4551  (patience 49/100)
2026-06-08 10:50:57,709 - INFO - Epoch  400  Loss: 0.2039  TrainAUC: 0.9921  ValAUC: 0.9850  TestAUC: 0.9462  TestAUPR: 0.4832  (patience 27/100)
2026-06-08 10:52:27,144 - INFO - Epoch  450  Loss: 0.1819  TrainAUC: 0.9932  ValAUC: 0.9853  TestAUC: 0.9450  TestAUPR: 0.4888  (patience 77/100)
2026-06-08 10:54:00,770 - INFO - Epoch  500  Loss: 0.1800  TrainAUC: 0.9935  ValAUC: 0.9846  TestAUC: 0.9460  TestAUPR: 0.5106  (patience 127/100)
2026-06-08 10:55:43,049 - INFO - Epoch  550  Loss: 0.1784  TrainAUC: 0.9935  ValAUC: 0.9827  TestAUC: 0.9440  TestAUPR: 0.5028  (patience 177/100)
2026-06-08 10:57:00,707 - INFO - Epoch  600  Loss: 0.1535  TrainAUC: 0.9949  ValAUC: 0.9821  TestAUC: 0.9459  TestAUPR: 0.5170  (patience 227/100)
2026-06-08 10:58:26,760 - INFO - Epoch  650  Loss: 0.1621  TrainAUC: 0.9945  ValAUC: 0.9827  TestAUC: 0.9452  TestAUPR: 0.5260  (patience 277/100)
2026-06-08 10:59:42,359 - INFO - Epoch  700  Loss: 0.1486  TrainAUC: 0.9953  ValAUC: 0.9828  TestAUC: 0.9448  TestAUPR: 0.5299  (patience 327/100)
2026-06-08 11:00:58,217 - INFO - Epoch  750  Loss: 0.1452  TrainAUC: 0.9955  ValAUC: 0.9818  TestAUC: 0.9444  TestAUPR: 0.5341  (patience 377/100)
2026-06-08 11:02:15,924 - INFO - Epoch  800  Loss: 0.1422  TrainAUC: 0.9959  ValAUC: 0.9802  TestAUC: 0.9456  TestAUPR: 0.5504  (patience 427/100)
2026-06-08 11:03:37,562 - INFO - Epoch  850  Loss: 0.1319  TrainAUC: 0.9965  ValAUC: 0.9787  TestAUC: 0.9465  TestAUPR: 0.5414  (patience 477/100)
2026-06-08 11:04:53,617 - INFO - Epoch  900  Loss: 0.1293  TrainAUC: 0.9962  ValAUC: 0.9757  TestAUC: 0.9454  TestAUPR: 0.5547  (patience 527/100)
2026-06-08 11:06:08,850 - INFO - Epoch  950  Loss: 0.1155  TrainAUC: 0.9968  ValAUC: 0.9793  TestAUC: 0.9476  TestAUPR: 0.5574  (patience 577/100)
2026-06-08 11:07:23,357 - INFO - Epoch 1000  Loss: 0.1173  TrainAUC: 0.9968  ValAUC: 0.9780  TestAUC: 0.9471  TestAUPR: 0.5558  (patience 627/100)
2026-06-08 11:08:38,464 - INFO - Epoch 1050  Loss: 0.1404  TrainAUC: 0.9964  ValAUC: 0.9766  TestAUC: 0.9463  TestAUPR: 0.5644  (patience 677/100)
2026-06-08 11:09:54,409 - INFO - Epoch 1100  Loss: 0.1166  TrainAUC: 0.9968  ValAUC: 0.9744  TestAUC: 0.9477  TestAUPR: 0.5624  (patience 727/100)
2026-06-08 11:11:18,492 - INFO - Epoch 1150  Loss: 0.1136  TrainAUC: 0.9970  ValAUC: 0.9767  TestAUC: 0.9457  TestAUPR: 0.5672  (patience 777/100)
2026-06-08 11:12:44,898 - INFO - Epoch 1200  Loss: 0.1204  TrainAUC: 0.9969  ValAUC: 0.9762  TestAUC: 0.9465  TestAUPR: 0.5677  (patience 827/100)
2026-06-08 11:13:56,948 - INFO - Epoch 1250  Loss: 0.1021  TrainAUC: 0.9974  ValAUC: 0.9739  TestAUC: 0.9467  TestAUPR: 0.5706  (patience 877/100)
2026-06-08 11:15:07,097 - INFO - Epoch 1300  Loss: 0.1033  TrainAUC: 0.9975  ValAUC: 0.9748  TestAUC: 0.9456  TestAUPR: 0.5732  (patience 927/100)
2026-06-08 11:16:09,827 - INFO - Epoch 1350  Loss: 0.0873  TrainAUC: 0.9980  ValAUC: 0.9684  TestAUC: 0.9429  TestAUPR: 0.5745  (patience 977/100)
2026-06-08 11:17:10,404 - INFO - Epoch 1400  Loss: 0.0913  TrainAUC: 0.9978  ValAUC: 0.9740  TestAUC: 0.9444  TestAUPR: 0.5820  (patience 1027/100)
2026-06-08 11:18:10,161 - INFO - Epoch 1450  Loss: 0.0991  TrainAUC: 0.9976  ValAUC: 0.9743  TestAUC: 0.9449  TestAUPR: 0.5790  (patience 1077/100)
2026-06-08 11:19:09,878 - INFO - Epoch 1500  Loss: 0.0992  TrainAUC: 0.9976  ValAUC: 0.9732  TestAUC: 0.9443  TestAUPR: 0.5825  (patience 1127/100)
2026-06-08 11:20:06,967 - INFO - Epoch 1550  Loss: 0.0944  TrainAUC: 0.9980  ValAUC: 0.9716  TestAUC: 0.9461  TestAUPR: 0.5864  (patience 1177/100)
2026-06-08 11:21:05,521 - INFO - Epoch 1600  Loss: 0.0917  TrainAUC: 0.9979  ValAUC: 0.9693  TestAUC: 0.9454  TestAUPR: 0.5891  (patience 1227/100)
2026-06-08 11:22:04,532 - INFO - Epoch 1650  Loss: 0.0957  TrainAUC: 0.9980  ValAUC: 0.9656  TestAUC: 0.9457  TestAUPR: 0.5869  (patience 1277/100)
2026-06-08 11:23:05,652 - INFO - Epoch 1700  Loss: 0.0851  TrainAUC: 0.9982  ValAUC: 0.9695  TestAUC: 0.9440  TestAUPR: 0.5726  (patience 1327/100)
2026-06-08 11:24:03,766 - INFO - Epoch 1750  Loss: 0.0892  TrainAUC: 0.9980  ValAUC: 0.9705  TestAUC: 0.9466  TestAUPR: 0.5857  (patience 1377/100)
2026-06-08 11:25:01,958 - INFO - Epoch 1800  Loss: 0.0930  TrainAUC: 0.9980  ValAUC: 0.9708  TestAUC: 0.9459  TestAUPR: 0.5899  (patience 1427/100)
2026-06-08 11:25:55,704 - INFO - Epoch 1850  Loss: 0.0869  TrainAUC: 0.9983  ValAUC: 0.9682  TestAUC: 0.9456  TestAUPR: 0.5835  (patience 1477/100)
2026-06-08 11:26:51,410 - INFO - Epoch 1900  Loss: 0.0772  TrainAUC: 0.9984  ValAUC: 0.9657  TestAUC: 0.9462  TestAUPR: 0.5938  (patience 1527/100)
2026-06-08 11:27:48,532 - INFO - Epoch 1950  Loss: 0.0766  TrainAUC: 0.9984  ValAUC: 0.9667  TestAUC: 0.9461  TestAUPR: 0.5940  (patience 1577/100)
2026-06-08 11:28:43,061 - INFO - Epoch 2000  Loss: 0.0736  TrainAUC: 0.9985  ValAUC: 0.9668  TestAUC: 0.9467  TestAUPR: 0.5921  (patience 1627/100)
2026-06-08 11:29:38,880 - INFO - Epoch 2050  Loss: 0.0766  TrainAUC: 0.9985  ValAUC: 0.9676  TestAUC: 0.9465  TestAUPR: 0.5884  (patience 1677/100)
2026-06-08 11:30:36,474 - INFO - Epoch 2100  Loss: 0.0811  TrainAUC: 0.9983  ValAUC: 0.9638  TestAUC: 0.9418  TestAUPR: 0.5932  (patience 1727/100)
2026-06-08 11:31:33,449 - INFO - Epoch 2150  Loss: 0.0773  TrainAUC: 0.9985  ValAUC: 0.9662  TestAUC: 0.9440  TestAUPR: 0.5878  (patience 1777/100)
2026-06-08 11:32:29,417 - INFO - Epoch 2200  Loss: 0.0819  TrainAUC: 0.9984  ValAUC: 0.9684  TestAUC: 0.9448  TestAUPR: 0.6050  (patience 1827/100)
2026-06-08 11:33:25,375 - INFO - Epoch 2250  Loss: 0.0803  TrainAUC: 0.9986  ValAUC: 0.9690  TestAUC: 0.9445  TestAUPR: 0.5971  (patience 1877/100)
2026-06-08 11:34:24,626 - INFO - Epoch 2300  Loss: 0.0698  TrainAUC: 0.9987  ValAUC: 0.9650  TestAUC: 0.9439  TestAUPR: 0.5985  (patience 1927/100)
2026-06-08 11:35:37,963 - INFO - Epoch 2350  Loss: 0.0720  TrainAUC: 0.9986  ValAUC: 0.9663  TestAUC: 0.9429  TestAUPR: 0.5992  (patience 1977/100)
2026-06-08 11:36:36,519 - INFO - Epoch 2400  Loss: 0.0716  TrainAUC: 0.9986  ValAUC: 0.9676  TestAUC: 0.9443  TestAUPR: 0.6039  (patience 2027/100)
2026-06-08 11:37:40,675 - INFO - Epoch 2450  Loss: 0.0671  TrainAUC: 0.9988  ValAUC: 0.9662  TestAUC: 0.9443  TestAUPR: 0.5943  (patience 2077/100)
2026-06-08 11:38:41,974 - INFO - Epoch 2500  Loss: 0.0667  TrainAUC: 0.9987  ValAUC: 0.9654  TestAUC: 0.9441  TestAUPR: 0.5988  (patience 2127/100)
2026-06-08 11:39:40,170 - INFO - Epoch 2550  Loss: 0.0637  TrainAUC: 0.9988  ValAUC: 0.9645  TestAUC: 0.9453  TestAUPR: 0.6015  (patience 2177/100)
2026-06-08 11:40:39,414 - INFO - Epoch 2600  Loss: 0.0648  TrainAUC: 0.9988  ValAUC: 0.9614  TestAUC: 0.9434  TestAUPR: 0.6007  (patience 2227/100)
2026-06-08 11:41:38,837 - INFO - Epoch 2650  Loss: 0.0643  TrainAUC: 0.9989  ValAUC: 0.9660  TestAUC: 0.9447  TestAUPR: 0.6050  (patience 2277/100)
2026-06-08 11:42:38,102 - INFO - Epoch 2700  Loss: 0.0646  TrainAUC: 0.9989  ValAUC: 0.9635  TestAUC: 0.9439  TestAUPR: 0.5912  (patience 2327/100)
2026-06-08 11:43:37,533 - INFO - Epoch 2750  Loss: 0.0687  TrainAUC: 0.9988  ValAUC: 0.9645  TestAUC: 0.9428  TestAUPR: 0.6071  (patience 2377/100)
2026-06-08 11:44:38,922 - INFO - Epoch 2800  Loss: 0.0629  TrainAUC: 0.9989  ValAUC: 0.9628  TestAUC: 0.9443  TestAUPR: 0.6203  (patience 2427/100)
2026-06-08 11:45:38,002 - INFO - Epoch 2850  Loss: 0.0599  TrainAUC: 0.9989  ValAUC: 0.9626  TestAUC: 0.9424  TestAUPR: 0.5946  (patience 2477/100)
2026-06-08 11:46:36,968 - INFO - Epoch 2900  Loss: 0.0600  TrainAUC: 0.9988  ValAUC: 0.9579  TestAUC: 0.9411  TestAUPR: 0.6111  (patience 2527/100)
2026-06-08 11:47:35,463 - INFO - Epoch 2950  Loss: 0.0660  TrainAUC: 0.9989  ValAUC: 0.9644  TestAUC: 0.9446  TestAUPR: 0.6067  (patience 2577/100)
2026-06-08 11:48:33,281 - INFO - Epoch 3000  Loss: 0.0585  TrainAUC: 0.9989  ValAUC: 0.9609  TestAUC: 0.9417  TestAUPR: 0.6128  (patience 2627/100)
2026-06-08 11:49:31,127 - INFO - Epoch 3050  Loss: 0.0585  TrainAUC: 0.9990  ValAUC: 0.9596  TestAUC: 0.9459  TestAUPR: 0.6085  (patience 2677/100)
2026-06-08 11:50:29,413 - INFO - Epoch 3100  Loss: 0.0636  TrainAUC: 0.9989  ValAUC: 0.9597  TestAUC: 0.9430  TestAUPR: 0.6006  (patience 2727/100)
2026-06-08 11:51:27,085 - INFO - Epoch 3150  Loss: 0.0507  TrainAUC: 0.9992  ValAUC: 0.9635  TestAUC: 0.9422  TestAUPR: 0.6110  (patience 2777/100)
2026-06-08 11:52:25,359 - INFO - Epoch 3200  Loss: 0.0608  TrainAUC: 0.9990  ValAUC: 0.9597  TestAUC: 0.9413  TestAUPR: 0.6133  (patience 2827/100)
2026-06-08 11:53:24,831 - INFO - Epoch 3250  Loss: 0.0707  TrainAUC: 0.9990  ValAUC: 0.9632  TestAUC: 0.9416  TestAUPR: 0.6202  (patience 2877/100)
2026-06-08 11:54:26,930 - INFO - Epoch 3300  Loss: 0.0529  TrainAUC: 0.9991  ValAUC: 0.9593  TestAUC: 0.9417  TestAUPR: 0.6118  (patience 2927/100)
2026-06-08 11:55:40,619 - INFO - Epoch 3350  Loss: 0.0516  TrainAUC: 0.9993  ValAUC: 0.9624  TestAUC: 0.9436  TestAUPR: 0.6147  (patience 2977/100)
2026-06-08 11:56:52,650 - INFO - Epoch 3400  Loss: 0.0548  TrainAUC: 0.9992  ValAUC: 0.9600  TestAUC: 0.9415  TestAUPR: 0.6157  (patience 3027/100)
2026-06-08 11:57:53,972 - INFO - Epoch 3450  Loss: 0.0535  TrainAUC: 0.9992  ValAUC: 0.9583  TestAUC: 0.9421  TestAUPR: 0.6187  (patience 3077/100)
2026-06-08 11:58:56,822 - INFO - Epoch 3500  Loss: 0.0686  TrainAUC: 0.9990  ValAUC: 0.9587  TestAUC: 0.9420  TestAUPR: 0.6137  (patience 3127/100)
2026-06-08 11:59:56,294 - INFO - Epoch 3550  Loss: 0.0569  TrainAUC: 0.9991  ValAUC: 0.9587  TestAUC: 0.9435  TestAUPR: 0.6060  (patience 3177/100)
2026-06-08 12:00:55,459 - INFO - Epoch 3600  Loss: 0.0599  TrainAUC: 0.9991  ValAUC: 0.9576  TestAUC: 0.9401  TestAUPR: 0.6047  (patience 3227/100)
2026-06-08 12:01:54,238 - INFO - Epoch 3650  Loss: 0.0553  TrainAUC: 0.9991  ValAUC: 0.9602  TestAUC: 0.9430  TestAUPR: 0.6021  (patience 3277/100)
2026-06-08 12:02:52,323 - INFO - Epoch 3700  Loss: 0.0527  TrainAUC: 0.9992  ValAUC: 0.9609  TestAUC: 0.9422  TestAUPR: 0.6122  (patience 3327/100)
2026-06-08 12:03:53,522 - INFO - Epoch 3750  Loss: 0.0547  TrainAUC: 0.9992  ValAUC: 0.9598  TestAUC: 0.9431  TestAUPR: 0.6199  (patience 3377/100)
2026-06-08 12:04:52,798 - INFO - Epoch 3800  Loss: 0.0536  TrainAUC: 0.9991  ValAUC: 0.9583  TestAUC: 0.9428  TestAUPR: 0.6165  (patience 3427/100)
2026-06-08 12:05:50,515 - INFO - Epoch 3850  Loss: 0.0479  TrainAUC: 0.9993  ValAUC: 0.9607  TestAUC: 0.9432  TestAUPR: 0.6160  (patience 3477/100)
2026-06-08 12:06:48,286 - INFO - Epoch 3900  Loss: 0.0529  TrainAUC: 0.9992  ValAUC: 0.9588  TestAUC: 0.9430  TestAUPR: 0.6236  (patience 3527/100)
2026-06-08 12:07:45,566 - INFO - Epoch 3950  Loss: 0.0569  TrainAUC: 0.9992  ValAUC: 0.9604  TestAUC: 0.9417  TestAUPR: 0.6165  (patience 3577/100)
2026-06-08 12:08:44,026 - INFO - Epoch 4000  Loss: 0.0520  TrainAUC: 0.9993  ValAUC: 0.9588  TestAUC: 0.9433  TestAUPR: 0.6201  (patience 3627/100)
2026-06-08 12:09:41,746 - INFO - Epoch 4050  Loss: 0.0498  TrainAUC: 0.9993  ValAUC: 0.9592  TestAUC: 0.9396  TestAUPR: 0.6097  (patience 3677/100)
2026-06-08 12:10:39,590 - INFO - Epoch 4100  Loss: 0.0480  TrainAUC: 0.9993  ValAUC: 0.9589  TestAUC: 0.9412  TestAUPR: 0.6111  (patience 3727/100)
2026-06-08 12:11:37,732 - INFO - Epoch 4150  Loss: 0.0541  TrainAUC: 0.9992  ValAUC: 0.9611  TestAUC: 0.9412  TestAUPR: 0.6124  (patience 3777/100)
2026-06-08 12:12:35,303 - INFO - Epoch 4200  Loss: 0.0474  TrainAUC: 0.9993  ValAUC: 0.9598  TestAUC: 0.9432  TestAUPR: 0.6194  (patience 3827/100)
2026-06-08 12:13:32,366 - INFO - Epoch 4250  Loss: 0.0518  TrainAUC: 0.9992  ValAUC: 0.9552  TestAUC: 0.9404  TestAUPR: 0.6176  (patience 3877/100)
2026-06-08 12:14:30,818 - INFO - Epoch 4300  Loss: 0.0444  TrainAUC: 0.9994  ValAUC: 0.9568  TestAUC: 0.9424  TestAUPR: 0.6148  (patience 3927/100)
2026-06-08 12:15:27,882 - INFO - Epoch 4350  Loss: 0.0423  TrainAUC: 0.9994  ValAUC: 0.9541  TestAUC: 0.9427  TestAUPR: 0.6207  (patience 3977/100)
2026-06-08 12:16:24,318 - INFO - Epoch 4400  Loss: 0.0581  TrainAUC: 0.9991  ValAUC: 0.9585  TestAUC: 0.9440  TestAUPR: 0.6139  (patience 4027/100)
2026-06-08 12:17:20,855 - INFO - Epoch 4450  Loss: 0.0502  TrainAUC: 0.9993  ValAUC: 0.9586  TestAUC: 0.9449  TestAUPR: 0.6270  (patience 4077/100)
2026-06-08 12:18:18,526 - INFO - Epoch 4500  Loss: 0.0482  TrainAUC: 0.9993  ValAUC: 0.9537  TestAUC: 0.9422  TestAUPR: 0.6180  (patience 4127/100)
2026-06-08 12:19:15,477 - INFO - Epoch 4550  Loss: 0.0473  TrainAUC: 0.9993  ValAUC: 0.9543  TestAUC: 0.9417  TestAUPR: 0.6151  (patience 4177/100)
2026-06-08 12:20:12,736 - INFO - Epoch 4600  Loss: 0.0445  TrainAUC: 0.9994  ValAUC: 0.9575  TestAUC: 0.9408  TestAUPR: 0.6231  (patience 4227/100)
2026-06-08 12:21:09,397 - INFO - Epoch 4650  Loss: 0.0521  TrainAUC: 0.9992  ValAUC: 0.9527  TestAUC: 0.9401  TestAUPR: 0.6107  (patience 4277/100)
2026-06-08 12:22:06,618 - INFO - Epoch 4700  Loss: 0.0512  TrainAUC: 0.9993  ValAUC: 0.9570  TestAUC: 0.9428  TestAUPR: 0.6161  (patience 4327/100)
2026-06-08 12:23:04,022 - INFO - Epoch 4750  Loss: 0.0390  TrainAUC: 0.9994  ValAUC: 0.9535  TestAUC: 0.9442  TestAUPR: 0.6182  (patience 4377/100)
2026-06-08 12:24:01,632 - INFO - Epoch 4800  Loss: 0.0445  TrainAUC: 0.9994  ValAUC: 0.9573  TestAUC: 0.9440  TestAUPR: 0.6163  (patience 4427/100)
2026-06-08 12:24:59,405 - INFO - Epoch 4850  Loss: 0.0398  TrainAUC: 0.9995  ValAUC: 0.9535  TestAUC: 0.9433  TestAUPR: 0.6237  (patience 4477/100)
2026-06-08 12:25:57,085 - INFO - Epoch 4900  Loss: 0.0447  TrainAUC: 0.9994  ValAUC: 0.9556  TestAUC: 0.9427  TestAUPR: 0.6108  (patience 4527/100)
2026-06-08 12:26:55,031 - INFO - Epoch 4950  Loss: 0.0453  TrainAUC: 0.9995  ValAUC: 0.9575  TestAUC: 0.9430  TestAUPR: 0.6217  (patience 4577/100)
2026-06-08 12:27:51,462 - INFO - Epoch 5000  Loss: 0.0493  TrainAUC: 0.9994  ValAUC: 0.9533  TestAUC: 0.9408  TestAUPR: 0.6115  (patience 4627/100)
2026-06-08 12:27:53,640 - INFO - Fold 1 FINAL  AUC: 0.9442  AUPR: 0.4678
2026-06-08 12:27:53,662 - INFO - 
------------------------------------------------------------
2026-06-08 12:27:53,663 - INFO - 5-Fold CV  |  Fold 2
2026-06-08 12:27:53,663 - INFO - ------------------------------------------------------------
2026-06-08 12:27:54,488 - INFO - Graph: Graph(num_nodes={'disease': 409, 'drug': 663},
      num_edges={('disease', 'di_di', 'disease'): 6507, ('disease', 'di_dr', 'drug'): 2532, ('drug', 'dr_di', 'disease'): 2532, ('drug', 'dr_dr', 'drug'): 10582},
      metagraph=[('disease', 'disease', 'di_di'), ('disease', 'drug', 'di_dr'), ('drug', 'disease', 'dr_di'), ('drug', 'drug', 'dr_dr')])
2026-06-08 12:27:54,776 - INFO - Train pairs: 195239  |  Val pairs: 21694  |  Test pairs: 54234
2026-06-08 12:27:54,828 - INFO - Model parameters: 905,987
2026-06-08 12:27:54,835 - INFO - BCE pos_weight: 106.127
2026-06-08 12:28:51,841 - INFO - Epoch   50  Loss: 0.8352  TrainAUC: 0.8906  ValAUC: 0.9207  TestAUC: 0.8620  TestAUPR: 0.1499  (patience 0/100)
2026-06-08 12:29:48,476 - INFO - Epoch  100  Loss: 0.6317  TrainAUC: 0.9483  ValAUC: 0.9536  TestAUC: 0.8985  TestAUPR: 0.1944  (patience 5/100)
2026-06-08 12:30:45,588 - INFO - Epoch  150  Loss: 0.3895  TrainAUC: 0.9767  ValAUC: 0.9726  TestAUC: 0.9201  TestAUPR: 0.3161  (patience 19/100)
2026-06-08 12:31:42,733 - INFO - Epoch  200  Loss: 0.3181  TrainAUC: 0.9825  ValAUC: 0.9779  TestAUC: 0.9313  TestAUPR: 0.3531  (patience 4/100)
2026-06-08 12:32:39,928 - INFO - Epoch  250  Loss: 0.2692  TrainAUC: 0.9873  ValAUC: 0.9791  TestAUC: 0.9329  TestAUPR: 0.3950  (patience 34/100)
2026-06-08 12:33:35,991 - INFO - Epoch  300  Loss: 0.2705  TrainAUC: 0.9890  ValAUC: 0.9777  TestAUC: 0.9342  TestAUPR: 0.4109  (patience 84/100)
2026-06-08 12:34:32,646 - INFO - Epoch  350  Loss: 0.2251  TrainAUC: 0.9906  ValAUC: 0.9789  TestAUC: 0.9392  TestAUPR: 0.4342  (patience 32/100)
2026-06-08 12:35:29,222 - INFO - Epoch  400  Loss: 0.1953  TrainAUC: 0.9926  ValAUC: 0.9791  TestAUC: 0.9395  TestAUPR: 0.4526  (patience 82/100)
2026-06-08 12:36:26,394 - INFO - Epoch  450  Loss: 0.1775  TrainAUC: 0.9935  ValAUC: 0.9783  TestAUC: 0.9378  TestAUPR: 0.4647  (patience 132/100)
2026-06-08 12:37:23,324 - INFO - Epoch  500  Loss: 0.1930  TrainAUC: 0.9931  ValAUC: 0.9775  TestAUC: 0.9407  TestAUPR: 0.4830  (patience 182/100)
2026-06-08 12:38:20,889 - INFO - Epoch  550  Loss: 0.1724  TrainAUC: 0.9945  ValAUC: 0.9784  TestAUC: 0.9368  TestAUPR: 0.4912  (patience 232/100)
2026-06-08 12:39:18,346 - INFO - Epoch  600  Loss: 0.1615  TrainAUC: 0.9945  ValAUC: 0.9776  TestAUC: 0.9372  TestAUPR: 0.4911  (patience 282/100)
2026-06-08 12:40:25,140 - INFO - Epoch  650  Loss: 0.1577  TrainAUC: 0.9949  ValAUC: 0.9754  TestAUC: 0.9369  TestAUPR: 0.4959  (patience 332/100)
2026-06-08 12:41:43,072 - INFO - Epoch  700  Loss: 0.1470  TrainAUC: 0.9953  ValAUC: 0.9750  TestAUC: 0.9398  TestAUPR: 0.4991  (patience 382/100)
2026-06-08 12:42:44,586 - INFO - Epoch  750  Loss: 0.1365  TrainAUC: 0.9958  ValAUC: 0.9737  TestAUC: 0.9380  TestAUPR: 0.5238  (patience 432/100)
2026-06-08 12:43:44,487 - INFO - Epoch  800  Loss: 0.1293  TrainAUC: 0.9963  ValAUC: 0.9726  TestAUC: 0.9388  TestAUPR: 0.5267  (patience 482/100)
2026-06-08 12:44:44,223 - INFO - Epoch  850  Loss: 0.1313  TrainAUC: 0.9962  ValAUC: 0.9720  TestAUC: 0.9382  TestAUPR: 0.5174  (patience 532/100)
2026-06-08 12:45:49,464 - INFO - Epoch  900  Loss: 0.1302  TrainAUC: 0.9962  ValAUC: 0.9715  TestAUC: 0.9397  TestAUPR: 0.5218  (patience 582/100)
2026-06-08 12:46:48,011 - INFO - Epoch  950  Loss: 0.1381  TrainAUC: 0.9959  ValAUC: 0.9687  TestAUC: 0.9385  TestAUPR: 0.5338  (patience 632/100)
2026-06-08 12:47:47,251 - INFO - Epoch 1000  Loss: 0.1160  TrainAUC: 0.9969  ValAUC: 0.9704  TestAUC: 0.9400  TestAUPR: 0.5402  (patience 682/100)
2026-06-08 12:48:54,418 - INFO - Epoch 1050  Loss: 0.1225  TrainAUC: 0.9966  ValAUC: 0.9704  TestAUC: 0.9391  TestAUPR: 0.5318  (patience 732/100)
2026-06-08 12:49:50,396 - INFO - Epoch 1100  Loss: 0.1190  TrainAUC: 0.9968  ValAUC: 0.9707  TestAUC: 0.9370  TestAUPR: 0.5318  (patience 782/100)
2026-06-08 12:50:46,659 - INFO - Epoch 1150  Loss: 0.1162  TrainAUC: 0.9970  ValAUC: 0.9686  TestAUC: 0.9398  TestAUPR: 0.5454  (patience 832/100)
2026-06-08 12:51:38,960 - INFO - Epoch 1200  Loss: 0.1104  TrainAUC: 0.9972  ValAUC: 0.9667  TestAUC: 0.9382  TestAUPR: 0.5397  (patience 882/100)
2026-06-08 12:52:29,129 - INFO - Epoch 1250  Loss: 0.1025  TrainAUC: 0.9974  ValAUC: 0.9658  TestAUC: 0.9390  TestAUPR: 0.5679  (patience 932/100)
2026-06-08 12:53:16,975 - INFO - Epoch 1300  Loss: 0.1072  TrainAUC: 0.9973  ValAUC: 0.9688  TestAUC: 0.9382  TestAUPR: 0.5533  (patience 982/100)
2026-06-08 12:54:03,880 - INFO - Epoch 1350  Loss: 0.1084  TrainAUC: 0.9972  ValAUC: 0.9654  TestAUC: 0.9360  TestAUPR: 0.5749  (patience 1032/100)
2026-06-08 12:54:48,811 - INFO - Epoch 1400  Loss: 0.1046  TrainAUC: 0.9975  ValAUC: 0.9679  TestAUC: 0.9388  TestAUPR: 0.5647  (patience 1082/100)
2026-06-08 12:55:38,965 - INFO - Epoch 1450  Loss: 0.0908  TrainAUC: 0.9980  ValAUC: 0.9669  TestAUC: 0.9381  TestAUPR: 0.5572  (patience 1132/100)
2026-06-08 12:56:26,775 - INFO - Epoch 1500  Loss: 0.0998  TrainAUC: 0.9976  ValAUC: 0.9657  TestAUC: 0.9361  TestAUPR: 0.5775  (patience 1182/100)
2026-06-08 12:57:15,155 - INFO - Epoch 1550  Loss: 0.0951  TrainAUC: 0.9976  ValAUC: 0.9677  TestAUC: 0.9373  TestAUPR: 0.5753  (patience 1232/100)
2026-06-08 12:58:01,959 - INFO - Epoch 1600  Loss: 0.0943  TrainAUC: 0.9978  ValAUC: 0.9648  TestAUC: 0.9371  TestAUPR: 0.5658  (patience 1282/100)
2026-06-08 12:58:49,658 - INFO - Epoch 1650  Loss: 0.0893  TrainAUC: 0.9980  ValAUC: 0.9635  TestAUC: 0.9379  TestAUPR: 0.5774  (patience 1332/100)
2026-06-08 12:59:55,153 - INFO - Epoch 1700  Loss: 0.1003  TrainAUC: 0.9978  ValAUC: 0.9638  TestAUC: 0.9377  TestAUPR: 0.5846  (patience 1382/100)
2026-06-08 13:00:59,878 - INFO - Epoch 1750  Loss: 0.0882  TrainAUC: 0.9980  ValAUC: 0.9624  TestAUC: 0.9364  TestAUPR: 0.5723  (patience 1432/100)
2026-06-08 13:02:03,932 - INFO - Epoch 1800  Loss: 0.0921  TrainAUC: 0.9979  ValAUC: 0.9611  TestAUC: 0.9364  TestAUPR: 0.5629  (patience 1482/100)
2026-06-08 13:03:07,014 - INFO - Epoch 1850  Loss: 0.0962  TrainAUC: 0.9979  ValAUC: 0.9615  TestAUC: 0.9387  TestAUPR: 0.5865  (patience 1532/100)
2026-06-08 13:04:10,315 - INFO - Epoch 1900  Loss: 0.1032  TrainAUC: 0.9976  ValAUC: 0.9609  TestAUC: 0.9369  TestAUPR: 0.5636  (patience 1582/100)
2026-06-08 13:05:11,995 - INFO - Epoch 1950  Loss: 0.0854  TrainAUC: 0.9981  ValAUC: 0.9651  TestAUC: 0.9359  TestAUPR: 0.5610  (patience 1632/100)
2026-06-08 13:06:12,302 - INFO - Epoch 2000  Loss: 0.0908  TrainAUC: 0.9981  ValAUC: 0.9626  TestAUC: 0.9349  TestAUPR: 0.5878  (patience 1682/100)
2026-06-08 13:07:11,486 - INFO - Epoch 2050  Loss: 0.0797  TrainAUC: 0.9983  ValAUC: 0.9649  TestAUC: 0.9345  TestAUPR: 0.5878  (patience 1732/100)
2026-06-08 13:08:11,095 - INFO - Epoch 2100  Loss: 0.0894  TrainAUC: 0.9982  ValAUC: 0.9584  TestAUC: 0.9351  TestAUPR: 0.5851  (patience 1782/100)
2026-06-08 13:09:11,143 - INFO - Epoch 2150  Loss: 0.0853  TrainAUC: 0.9982  ValAUC: 0.9620  TestAUC: 0.9397  TestAUPR: 0.5878  (patience 1832/100)
2026-06-08 13:10:10,332 - INFO - Epoch 2200  Loss: 0.0837  TrainAUC: 0.9983  ValAUC: 0.9587  TestAUC: 0.9369  TestAUPR: 0.5880  (patience 1882/100)
2026-06-08 13:11:09,630 - INFO - Epoch 2250  Loss: 0.0771  TrainAUC: 0.9985  ValAUC: 0.9558  TestAUC: 0.9351  TestAUPR: 0.6012  (patience 1932/100)
2026-06-08 13:12:08,065 - INFO - Epoch 2300  Loss: 0.0818  TrainAUC: 0.9983  ValAUC: 0.9526  TestAUC: 0.9382  TestAUPR: 0.5714  (patience 1982/100)
2026-06-08 13:13:05,689 - INFO - Epoch 2350  Loss: 0.0790  TrainAUC: 0.9985  ValAUC: 0.9577  TestAUC: 0.9368  TestAUPR: 0.5941  (patience 2032/100)
2026-06-08 13:14:03,443 - INFO - Epoch 2400  Loss: 0.0742  TrainAUC: 0.9986  ValAUC: 0.9591  TestAUC: 0.9372  TestAUPR: 0.5784  (patience 2082/100)
2026-06-08 13:15:01,071 - INFO - Epoch 2450  Loss: 0.0736  TrainAUC: 0.9986  ValAUC: 0.9556  TestAUC: 0.9352  TestAUPR: 0.5880  (patience 2132/100)
2026-06-08 13:15:59,039 - INFO - Epoch 2500  Loss: 0.0753  TrainAUC: 0.9985  ValAUC: 0.9573  TestAUC: 0.9395  TestAUPR: 0.5821  (patience 2182/100)
2026-06-08 13:16:56,490 - INFO - Epoch 2550  Loss: 0.0632  TrainAUC: 0.9989  ValAUC: 0.9551  TestAUC: 0.9344  TestAUPR: 0.6036  (patience 2232/100)
2026-06-08 13:17:54,317 - INFO - Epoch 2600  Loss: 0.0689  TrainAUC: 0.9988  ValAUC: 0.9568  TestAUC: 0.9379  TestAUPR: 0.6006  (patience 2282/100)
2026-06-08 13:18:52,287 - INFO - Epoch 2650  Loss: 0.0707  TrainAUC: 0.9988  ValAUC: 0.9549  TestAUC: 0.9350  TestAUPR: 0.5976  (patience 2332/100)
2026-06-08 13:19:50,216 - INFO - Epoch 2700  Loss: 0.0653  TrainAUC: 0.9988  ValAUC: 0.9577  TestAUC: 0.9357  TestAUPR: 0.6068  (patience 2382/100)
2026-06-08 13:20:47,492 - INFO - Epoch 2750  Loss: 0.0672  TrainAUC: 0.9987  ValAUC: 0.9514  TestAUC: 0.9358  TestAUPR: 0.5996  (patience 2432/100)
2026-06-08 13:21:45,171 - INFO - Epoch 2800  Loss: 0.0709  TrainAUC: 0.9987  ValAUC: 0.9566  TestAUC: 0.9365  TestAUPR: 0.5947  (patience 2482/100)
2026-06-08 13:22:42,916 - INFO - Epoch 2850  Loss: 0.0659  TrainAUC: 0.9989  ValAUC: 0.9584  TestAUC: 0.9362  TestAUPR: 0.5883  (patience 2532/100)
2026-06-08 13:23:41,338 - INFO - Epoch 2900  Loss: 0.0665  TrainAUC: 0.9988  ValAUC: 0.9553  TestAUC: 0.9361  TestAUPR: 0.6045  (patience 2582/100)
2026-06-08 13:24:39,343 - INFO - Epoch 2950  Loss: 0.0608  TrainAUC: 0.9990  ValAUC: 0.9573  TestAUC: 0.9363  TestAUPR: 0.6016  (patience 2632/100)
2026-06-08 13:25:37,602 - INFO - Epoch 3000  Loss: 0.0644  TrainAUC: 0.9988  ValAUC: 0.9565  TestAUC: 0.9376  TestAUPR: 0.6030  (patience 2682/100)
2026-06-08 13:26:36,447 - INFO - Epoch 3050  Loss: 0.0619  TrainAUC: 0.9989  ValAUC: 0.9560  TestAUC: 0.9343  TestAUPR: 0.5984  (patience 2732/100)
2026-06-08 13:27:38,615 - INFO - Epoch 3100  Loss: 0.0719  TrainAUC: 0.9987  ValAUC: 0.9544  TestAUC: 0.9354  TestAUPR: 0.5952  (patience 2782/100)
2026-06-08 13:28:37,142 - INFO - Epoch 3150  Loss: 0.0565  TrainAUC: 0.9991  ValAUC: 0.9524  TestAUC: 0.9359  TestAUPR: 0.5952  (patience 2832/100)
2026-06-08 13:29:35,855 - INFO - Epoch 3200  Loss: 0.0634  TrainAUC: 0.9989  ValAUC: 0.9518  TestAUC: 0.9352  TestAUPR: 0.5945  (patience 2882/100)
2026-06-08 13:30:34,349 - INFO - Epoch 3250  Loss: 0.0565  TrainAUC: 0.9991  ValAUC: 0.9548  TestAUC: 0.9362  TestAUPR: 0.6089  (patience 2932/100)
2026-06-08 13:31:33,992 - INFO - Epoch 3300  Loss: 0.0641  TrainAUC: 0.9990  ValAUC: 0.9491  TestAUC: 0.9347  TestAUPR: 0.6040  (patience 2982/100)
2026-06-08 13:32:34,726 - INFO - Epoch 3350  Loss: 0.0666  TrainAUC: 0.9989  ValAUC: 0.9523  TestAUC: 0.9366  TestAUPR: 0.6082  (patience 3032/100)
2026-06-08 13:33:34,887 - INFO - Epoch 3400  Loss: 0.0655  TrainAUC: 0.9989  ValAUC: 0.9507  TestAUC: 0.9331  TestAUPR: 0.6077  (patience 3082/100)
2026-06-08 13:34:35,199 - INFO - Epoch 3450  Loss: 0.0587  TrainAUC: 0.9990  ValAUC: 0.9484  TestAUC: 0.9327  TestAUPR: 0.6062  (patience 3132/100)
2026-06-08 13:35:35,840 - INFO - Epoch 3500  Loss: 0.0562  TrainAUC: 0.9991  ValAUC: 0.9494  TestAUC: 0.9347  TestAUPR: 0.6068  (patience 3182/100)
2026-06-08 13:36:38,176 - INFO - Epoch 3550  Loss: 0.0659  TrainAUC: 0.9990  ValAUC: 0.9527  TestAUC: 0.9365  TestAUPR: 0.5967  (patience 3232/100)
2026-06-08 13:37:38,762 - INFO - Epoch 3600  Loss: 0.0588  TrainAUC: 0.9991  ValAUC: 0.9481  TestAUC: 0.9336  TestAUPR: 0.6015  (patience 3282/100)
2026-06-08 13:38:38,121 - INFO - Epoch 3650  Loss: 0.0540  TrainAUC: 0.9991  ValAUC: 0.9519  TestAUC: 0.9370  TestAUPR: 0.6011  (patience 3332/100)
2026-06-08 13:39:38,430 - INFO - Epoch 3700  Loss: 0.0558  TrainAUC: 0.9991  ValAUC: 0.9505  TestAUC: 0.9346  TestAUPR: 0.6114  (patience 3382/100)
2026-06-08 13:40:38,835 - INFO - Epoch 3750  Loss: 0.0557  TrainAUC: 0.9991  ValAUC: 0.9511  TestAUC: 0.9343  TestAUPR: 0.6015  (patience 3432/100)
2026-06-08 13:41:38,857 - INFO - Epoch 3800  Loss: 0.0689  TrainAUC: 0.9988  ValAUC: 0.9547  TestAUC: 0.9377  TestAUPR: 0.5925  (patience 3482/100)
2026-06-08 13:42:38,630 - INFO - Epoch 3850  Loss: 0.0548  TrainAUC: 0.9991  ValAUC: 0.9548  TestAUC: 0.9365  TestAUPR: 0.5947  (patience 3532/100)
2026-06-08 13:43:39,348 - INFO - Epoch 3900  Loss: 0.0541  TrainAUC: 0.9992  ValAUC: 0.9539  TestAUC: 0.9364  TestAUPR: 0.6093  (patience 3582/100)
2026-06-08 13:44:38,691 - INFO - Epoch 3950  Loss: 0.0583  TrainAUC: 0.9992  ValAUC: 0.9560  TestAUC: 0.9361  TestAUPR: 0.6118  (patience 3632/100)
2026-06-08 13:45:38,424 - INFO - Epoch 4000  Loss: 0.0533  TrainAUC: 0.9992  ValAUC: 0.9480  TestAUC: 0.9329  TestAUPR: 0.5980  (patience 3682/100)
2026-06-08 13:46:38,201 - INFO - Epoch 4050  Loss: 0.0517  TrainAUC: 0.9992  ValAUC: 0.9477  TestAUC: 0.9341  TestAUPR: 0.6095  (patience 3732/100)
2026-06-08 13:47:37,903 - INFO - Epoch 4100  Loss: 0.0480  TrainAUC: 0.9993  ValAUC: 0.9511  TestAUC: 0.9343  TestAUPR: 0.6044  (patience 3782/100)
2026-06-08 13:48:38,212 - INFO - Epoch 4150  Loss: 0.0531  TrainAUC: 0.9993  ValAUC: 0.9492  TestAUC: 0.9359  TestAUPR: 0.6027  (patience 3832/100)
2026-06-08 13:49:38,020 - INFO - Epoch 4200  Loss: 0.0513  TrainAUC: 0.9993  ValAUC: 0.9520  TestAUC: 0.9375  TestAUPR: 0.6163  (patience 3882/100)
2026-06-08 13:50:37,669 - INFO - Epoch 4250  Loss: 0.0506  TrainAUC: 0.9993  ValAUC: 0.9509  TestAUC: 0.9357  TestAUPR: 0.5964  (patience 3932/100)
2026-06-08 13:51:37,768 - INFO - Epoch 4300  Loss: 0.0510  TrainAUC: 0.9992  ValAUC: 0.9487  TestAUC: 0.9349  TestAUPR: 0.6167  (patience 3982/100)
2026-06-08 13:52:37,719 - INFO - Epoch 4350  Loss: 0.0527  TrainAUC: 0.9992  ValAUC: 0.9483  TestAUC: 0.9338  TestAUPR: 0.6050  (patience 4032/100)
2026-06-08 13:53:36,464 - INFO - Epoch 4400  Loss: 0.0590  TrainAUC: 0.9991  ValAUC: 0.9506  TestAUC: 0.9330  TestAUPR: 0.6087  (patience 4082/100)
2026-06-08 13:54:36,755 - INFO - Epoch 4450  Loss: 0.0468  TrainAUC: 0.9993  ValAUC: 0.9484  TestAUC: 0.9337  TestAUPR: 0.5997  (patience 4132/100)
2026-06-08 13:55:36,612 - INFO - Epoch 4500  Loss: 0.0494  TrainAUC: 0.9993  ValAUC: 0.9484  TestAUC: 0.9329  TestAUPR: 0.6048  (patience 4182/100)
2026-06-08 13:56:36,023 - INFO - Epoch 4550  Loss: 0.0431  TrainAUC: 0.9994  ValAUC: 0.9480  TestAUC: 0.9344  TestAUPR: 0.6070  (patience 4232/100)
2026-06-08 13:57:35,970 - INFO - Epoch 4600  Loss: 0.0487  TrainAUC: 0.9993  ValAUC: 0.9484  TestAUC: 0.9357  TestAUPR: 0.6018  (patience 4282/100)
2026-06-08 13:58:35,802 - INFO - Epoch 4650  Loss: 0.0477  TrainAUC: 0.9993  ValAUC: 0.9483  TestAUC: 0.9349  TestAUPR: 0.6116  (patience 4332/100)
2026-06-08 13:59:35,393 - INFO - Epoch 4700  Loss: 0.0463  TrainAUC: 0.9993  ValAUC: 0.9478  TestAUC: 0.9334  TestAUPR: 0.6071  (patience 4382/100)
2026-06-08 14:00:35,242 - INFO - Epoch 4750  Loss: 0.0484  TrainAUC: 0.9993  ValAUC: 0.9451  TestAUC: 0.9318  TestAUPR: 0.6080  (patience 4432/100)
2026-06-08 14:01:36,133 - INFO - Epoch 4800  Loss: 0.0491  TrainAUC: 0.9993  ValAUC: 0.9502  TestAUC: 0.9340  TestAUPR: 0.6103  (patience 4482/100)
2026-06-08 14:02:37,728 - INFO - Epoch 4850  Loss: 0.0470  TrainAUC: 0.9994  ValAUC: 0.9455  TestAUC: 0.9332  TestAUPR: 0.6053  (patience 4532/100)
2026-06-08 14:03:40,188 - INFO - Epoch 4900  Loss: 0.0497  TrainAUC: 0.9993  ValAUC: 0.9507  TestAUC: 0.9357  TestAUPR: 0.6076  (patience 4582/100)
2026-06-08 14:04:41,766 - INFO - Epoch 4950  Loss: 0.0428  TrainAUC: 0.9994  ValAUC: 0.9436  TestAUC: 0.9314  TestAUPR: 0.6149  (patience 4632/100)
2026-06-08 14:05:49,302 - INFO - Epoch 5000  Loss: 0.0412  TrainAUC: 0.9994  ValAUC: 0.9465  TestAUC: 0.9333  TestAUPR: 0.6104  (patience 4682/100)
2026-06-08 14:05:52,182 - INFO - Fold 2 FINAL  AUC: 0.9347  AUPR: 0.4187
2026-06-08 14:05:52,207 - INFO - 
------------------------------------------------------------
2026-06-08 14:05:52,208 - INFO - 5-Fold CV  |  Fold 3
2026-06-08 14:05:52,208 - INFO - ------------------------------------------------------------
2026-06-08 14:05:53,235 - INFO - Graph: Graph(num_nodes={'disease': 409, 'drug': 663},
      num_edges={('disease', 'di_di', 'disease'): 6507, ('disease', 'di_dr', 'drug'): 2532, ('drug', 'dr_di', 'disease'): 2532, ('drug', 'dr_dr', 'drug'): 10582},
      metagraph=[('disease', 'disease', 'di_di'), ('disease', 'drug', 'di_dr'), ('drug', 'disease', 'dr_di'), ('drug', 'drug', 'dr_dr')])
2026-06-08 14:05:53,571 - INFO - Train pairs: 195240  |  Val pairs: 21694  |  Test pairs: 54233
2026-06-08 14:05:53,652 - INFO - Model parameters: 905,987
2026-06-08 14:05:53,662 - INFO - BCE pos_weight: 106.075
2026-06-08 14:06:58,972 - INFO - Epoch   50  Loss: 0.8969  TrainAUC: 0.8741  ValAUC: 0.8969  TestAUC: 0.8461  TestAUPR: 0.1309  (patience 1/100)
2026-06-08 14:08:01,347 - INFO - Epoch  100  Loss: 0.6718  TrainAUC: 0.9323  ValAUC: 0.9200  TestAUC: 0.8892  TestAUPR: 0.1914  (patience 3/100)
2026-06-08 14:09:04,880 - INFO - Epoch  150  Loss: 0.4414  TrainAUC: 0.9689  ValAUC: 0.9715  TestAUC: 0.9326  TestAUPR: 0.3099  (patience 4/100)
2026-06-08 14:10:04,783 - INFO - Epoch  200  Loss: 0.3266  TrainAUC: 0.9817  ValAUC: 0.9776  TestAUC: 0.9421  TestAUPR: 0.3720  (patience 5/100)
2026-06-08 14:11:07,785 - INFO - Epoch  250  Loss: 0.2768  TrainAUC: 0.9861  ValAUC: 0.9779  TestAUC: 0.9485  TestAUPR: 0.4035  (patience 3/100)
2026-06-08 14:12:10,204 - INFO - Epoch  300  Loss: 0.2868  TrainAUC: 0.9877  ValAUC: 0.9778  TestAUC: 0.9489  TestAUPR: 0.4351  (patience 7/100)
2026-06-08 14:13:10,608 - INFO - Epoch  350  Loss: 0.2277  TrainAUC: 0.9903  ValAUC: 0.9803  TestAUC: 0.9540  TestAUPR: 0.4463  (patience 0/100)
2026-06-08 14:14:09,693 - INFO - Epoch  400  Loss: 0.2023  TrainAUC: 0.9917  ValAUC: 0.9789  TestAUC: 0.9545  TestAUPR: 0.4574  (patience 8/100)
2026-06-08 14:15:07,921 - INFO - Epoch  450  Loss: 0.1937  TrainAUC: 0.9928  ValAUC: 0.9791  TestAUC: 0.9552  TestAUPR: 0.4737  (patience 58/100)
2026-06-08 14:16:05,857 - INFO - Epoch  500  Loss: 0.1841  TrainAUC: 0.9933  ValAUC: 0.9779  TestAUC: 0.9557  TestAUPR: 0.4784  (patience 108/100)
2026-06-08 14:17:03,997 - INFO - Epoch  550  Loss: 0.1726  TrainAUC: 0.9940  ValAUC: 0.9785  TestAUC: 0.9565  TestAUPR: 0.4920  (patience 158/100)
2026-06-08 14:18:01,894 - INFO - Epoch  600  Loss: 0.1624  TrainAUC: 0.9943  ValAUC: 0.9764  TestAUC: 0.9563  TestAUPR: 0.5021  (patience 208/100)
2026-06-08 14:18:59,616 - INFO - Epoch  650  Loss: 0.1612  TrainAUC: 0.9946  ValAUC: 0.9777  TestAUC: 0.9567  TestAUPR: 0.5188  (patience 258/100)
2026-06-08 14:19:57,330 - INFO - Epoch  700  Loss: 0.1652  TrainAUC: 0.9945  ValAUC: 0.9773  TestAUC: 0.9553  TestAUPR: 0.5142  (patience 308/100)
2026-06-08 14:20:55,122 - INFO - Epoch  750  Loss: 0.1371  TrainAUC: 0.9960  ValAUC: 0.9776  TestAUC: 0.9561  TestAUPR: 0.5023  (patience 358/100)
2026-06-08 14:21:53,161 - INFO - Epoch  800  Loss: 0.1469  TrainAUC: 0.9954  ValAUC: 0.9761  TestAUC: 0.9563  TestAUPR: 0.5157  (patience 408/100)
2026-06-08 14:22:51,850 - INFO - Epoch  850  Loss: 0.1365  TrainAUC: 0.9959  ValAUC: 0.9756  TestAUC: 0.9554  TestAUPR: 0.5141  (patience 458/100)
2026-06-08 14:23:49,649 - INFO - Epoch  900  Loss: 0.1292  TrainAUC: 0.9962  ValAUC: 0.9746  TestAUC: 0.9579  TestAUPR: 0.5225  (patience 508/100)
2026-06-08 14:24:47,637 - INFO - Epoch  950  Loss: 0.1312  TrainAUC: 0.9965  ValAUC: 0.9739  TestAUC: 0.9565  TestAUPR: 0.5346  (patience 558/100)
2026-06-08 14:25:45,908 - INFO - Epoch 1000  Loss: 0.1213  TrainAUC: 0.9967  ValAUC: 0.9733  TestAUC: 0.9566  TestAUPR: 0.5265  (patience 608/100)
2026-06-08 14:26:44,288 - INFO - Epoch 1050  Loss: 0.1213  TrainAUC: 0.9967  ValAUC: 0.9739  TestAUC: 0.9559  TestAUPR: 0.5302  (patience 658/100)
2026-06-08 14:27:42,016 - INFO - Epoch 1100  Loss: 0.1139  TrainAUC: 0.9970  ValAUC: 0.9742  TestAUC: 0.9560  TestAUPR: 0.5292  (patience 708/100)
2026-06-08 14:28:40,152 - INFO - Epoch 1150  Loss: 0.1162  TrainAUC: 0.9970  ValAUC: 0.9746  TestAUC: 0.9562  TestAUPR: 0.5431  (patience 758/100)
2026-06-08 14:29:38,080 - INFO - Epoch 1200  Loss: 0.1202  TrainAUC: 0.9968  ValAUC: 0.9725  TestAUC: 0.9546  TestAUPR: 0.5426  (patience 808/100)
2026-06-08 14:30:36,055 - INFO - Epoch 1250  Loss: 0.1062  TrainAUC: 0.9974  ValAUC: 0.9721  TestAUC: 0.9558  TestAUPR: 0.5509  (patience 858/100)
2026-06-08 14:31:33,763 - INFO - Epoch 1300  Loss: 0.1099  TrainAUC: 0.9972  ValAUC: 0.9733  TestAUC: 0.9551  TestAUPR: 0.5459  (patience 908/100)
2026-06-08 14:32:31,427 - INFO - Epoch 1350  Loss: 0.1139  TrainAUC: 0.9971  ValAUC: 0.9708  TestAUC: 0.9535  TestAUPR: 0.5424  (patience 958/100)
2026-06-08 14:33:28,772 - INFO - Epoch 1400  Loss: 0.1127  TrainAUC: 0.9973  ValAUC: 0.9729  TestAUC: 0.9561  TestAUPR: 0.5479  (patience 1008/100)
2026-06-08 14:34:26,231 - INFO - Epoch 1450  Loss: 0.1016  TrainAUC: 0.9976  ValAUC: 0.9722  TestAUC: 0.9570  TestAUPR: 0.5479  (patience 1058/100)
2026-06-08 14:35:24,617 - INFO - Epoch 1500  Loss: 0.0945  TrainAUC: 0.9979  ValAUC: 0.9710  TestAUC: 0.9538  TestAUPR: 0.5508  (patience 1108/100)
2026-06-08 14:36:22,264 - INFO - Epoch 1550  Loss: 0.0994  TrainAUC: 0.9976  ValAUC: 0.9729  TestAUC: 0.9568  TestAUPR: 0.5572  (patience 1158/100)
2026-06-08 14:37:19,676 - INFO - Epoch 1600  Loss: 0.0973  TrainAUC: 0.9978  ValAUC: 0.9706  TestAUC: 0.9533  TestAUPR: 0.5580  (patience 1208/100)
2026-06-08 14:38:19,770 - INFO - Epoch 1650  Loss: 0.0926  TrainAUC: 0.9979  ValAUC: 0.9704  TestAUC: 0.9518  TestAUPR: 0.5650  (patience 1258/100)
2026-06-08 14:39:17,764 - INFO - Epoch 1700  Loss: 0.0890  TrainAUC: 0.9979  ValAUC: 0.9705  TestAUC: 0.9551  TestAUPR: 0.5583  (patience 1308/100)
2026-06-08 14:40:15,917 - INFO - Epoch 1750  Loss: 0.0916  TrainAUC: 0.9979  ValAUC: 0.9696  TestAUC: 0.9510  TestAUPR: 0.5426  (patience 1358/100)
2026-06-08 14:41:14,357 - INFO - Epoch 1800  Loss: 0.0840  TrainAUC: 0.9981  ValAUC: 0.9704  TestAUC: 0.9544  TestAUPR: 0.5498  (patience 1408/100)
2026-06-08 14:42:13,686 - INFO - Epoch 1850  Loss: 0.0893  TrainAUC: 0.9979  ValAUC: 0.9728  TestAUC: 0.9532  TestAUPR: 0.5653  (patience 1458/100)
2026-06-08 14:43:12,449 - INFO - Epoch 1900  Loss: 0.0863  TrainAUC: 0.9982  ValAUC: 0.9697  TestAUC: 0.9530  TestAUPR: 0.5676  (patience 1508/100)
2026-06-08 14:44:11,278 - INFO - Epoch 1950  Loss: 0.1036  TrainAUC: 0.9978  ValAUC: 0.9685  TestAUC: 0.9524  TestAUPR: 0.5697  (patience 1558/100)
2026-06-08 14:45:09,767 - INFO - Epoch 2000  Loss: 0.0910  TrainAUC: 0.9980  ValAUC: 0.9692  TestAUC: 0.9527  TestAUPR: 0.5771  (patience 1608/100)
2026-06-08 14:46:07,862 - INFO - Epoch 2050  Loss: 0.0733  TrainAUC: 0.9986  ValAUC: 0.9685  TestAUC: 0.9490  TestAUPR: 0.5683  (patience 1658/100)
2026-06-08 14:47:06,174 - INFO - Epoch 2100  Loss: 0.0764  TrainAUC: 0.9984  ValAUC: 0.9685  TestAUC: 0.9495  TestAUPR: 0.5665  (patience 1708/100)
2026-06-08 14:48:04,144 - INFO - Epoch 2150  Loss: 0.0739  TrainAUC: 0.9985  ValAUC: 0.9688  TestAUC: 0.9494  TestAUPR: 0.5762  (patience 1758/100)
2026-06-08 14:49:02,723 - INFO - Epoch 2200  Loss: 0.0736  TrainAUC: 0.9984  ValAUC: 0.9654  TestAUC: 0.9490  TestAUPR: 0.5734  (patience 1808/100)
2026-06-08 14:50:01,209 - INFO - Epoch 2250  Loss: 0.0892  TrainAUC: 0.9982  ValAUC: 0.9674  TestAUC: 0.9507  TestAUPR: 0.5710  (patience 1858/100)
2026-06-08 14:50:59,922 - INFO - Epoch 2300  Loss: 0.0720  TrainAUC: 0.9985  ValAUC: 0.9678  TestAUC: 0.9511  TestAUPR: 0.5732  (patience 1908/100)
2026-06-08 14:51:58,252 - INFO - Epoch 2350  Loss: 0.0811  TrainAUC: 0.9984  ValAUC: 0.9686  TestAUC: 0.9508  TestAUPR: 0.5891  (patience 1958/100)
2026-06-08 14:52:56,488 - INFO - Epoch 2400  Loss: 0.0874  TrainAUC: 0.9983  ValAUC: 0.9689  TestAUC: 0.9526  TestAUPR: 0.5670  (patience 2008/100)
2026-06-08 14:53:54,628 - INFO - Epoch 2450  Loss: 0.0831  TrainAUC: 0.9985  ValAUC: 0.9686  TestAUC: 0.9490  TestAUPR: 0.5781  (patience 2058/100)
2026-06-08 14:54:53,697 - INFO - Epoch 2500  Loss: 0.0689  TrainAUC: 0.9987  ValAUC: 0.9678  TestAUC: 0.9501  TestAUPR: 0.5813  (patience 2108/100)
2026-06-08 14:55:52,107 - INFO - Epoch 2550  Loss: 0.0684  TrainAUC: 0.9986  ValAUC: 0.9671  TestAUC: 0.9514  TestAUPR: 0.5842  (patience 2158/100)
2026-06-08 14:56:50,276 - INFO - Epoch 2600  Loss: 0.0695  TrainAUC: 0.9986  ValAUC: 0.9675  TestAUC: 0.9498  TestAUPR: 0.5736  (patience 2208/100)
2026-06-08 14:57:48,527 - INFO - Epoch 2650  Loss: 0.0684  TrainAUC: 0.9988  ValAUC: 0.9688  TestAUC: 0.9502  TestAUPR: 0.5874  (patience 2258/100)
2026-06-08 14:58:46,727 - INFO - Epoch 2700  Loss: 0.0650  TrainAUC: 0.9988  ValAUC: 0.9637  TestAUC: 0.9493  TestAUPR: 0.5850  (patience 2308/100)
2026-06-08 14:59:45,348 - INFO - Epoch 2750  Loss: 0.0724  TrainAUC: 0.9987  ValAUC: 0.9682  TestAUC: 0.9519  TestAUPR: 0.5763  (patience 2358/100)
2026-06-08 15:00:43,234 - INFO - Epoch 2800  Loss: 0.0676  TrainAUC: 0.9988  ValAUC: 0.9644  TestAUC: 0.9492  TestAUPR: 0.5898  (patience 2408/100)
2026-06-08 15:01:41,274 - INFO - Epoch 2850  Loss: 0.0617  TrainAUC: 0.9989  ValAUC: 0.9678  TestAUC: 0.9499  TestAUPR: 0.5857  (patience 2458/100)
2026-06-08 15:02:39,597 - INFO - Epoch 2900  Loss: 0.0666  TrainAUC: 0.9988  ValAUC: 0.9629  TestAUC: 0.9479  TestAUPR: 0.5891  (patience 2508/100)
2026-06-08 15:03:38,190 - INFO - Epoch 2950  Loss: 0.0619  TrainAUC: 0.9989  ValAUC: 0.9645  TestAUC: 0.9479  TestAUPR: 0.5718  (patience 2558/100)
2026-06-08 15:04:39,010 - INFO - Epoch 3000  Loss: 0.0660  TrainAUC: 0.9988  ValAUC: 0.9638  TestAUC: 0.9492  TestAUPR: 0.5925  (patience 2608/100)
2026-06-08 15:05:37,811 - INFO - Epoch 3050  Loss: 0.0612  TrainAUC: 0.9990  ValAUC: 0.9627  TestAUC: 0.9463  TestAUPR: 0.5908  (patience 2658/100)
2026-06-08 15:06:36,955 - INFO - Epoch 3100  Loss: 0.0574  TrainAUC: 0.9990  ValAUC: 0.9602  TestAUC: 0.9432  TestAUPR: 0.5902  (patience 2708/100)
2026-06-08 15:07:36,965 - INFO - Epoch 3150  Loss: 0.0666  TrainAUC: 0.9989  ValAUC: 0.9653  TestAUC: 0.9484  TestAUPR: 0.5870  (patience 2758/100)
2026-06-08 15:08:35,131 - INFO - Epoch 3200  Loss: 0.0610  TrainAUC: 0.9990  ValAUC: 0.9637  TestAUC: 0.9478  TestAUPR: 0.5957  (patience 2808/100)
2026-06-08 15:09:33,628 - INFO - Epoch 3250  Loss: 0.0609  TrainAUC: 0.9991  ValAUC: 0.9660  TestAUC: 0.9492  TestAUPR: 0.5976  (patience 2858/100)
2026-06-08 15:10:32,718 - INFO - Epoch 3300  Loss: 0.0559  TrainAUC: 0.9991  ValAUC: 0.9652  TestAUC: 0.9477  TestAUPR: 0.5880  (patience 2908/100)
2026-06-08 15:11:31,423 - INFO - Epoch 3350  Loss: 0.0556  TrainAUC: 0.9991  ValAUC: 0.9647  TestAUC: 0.9484  TestAUPR: 0.5940  (patience 2958/100)
2026-06-08 15:12:31,604 - INFO - Epoch 3400  Loss: 0.0532  TrainAUC: 0.9991  ValAUC: 0.9625  TestAUC: 0.9472  TestAUPR: 0.5890  (patience 3008/100)
2026-06-08 15:13:30,832 - INFO - Epoch 3450  Loss: 0.0537  TrainAUC: 0.9992  ValAUC: 0.9648  TestAUC: 0.9481  TestAUPR: 0.5910  (patience 3058/100)
2026-06-08 15:14:29,176 - INFO - Epoch 3500  Loss: 0.0533  TrainAUC: 0.9991  ValAUC: 0.9639  TestAUC: 0.9482  TestAUPR: 0.5995  (patience 3108/100)
2026-06-08 15:15:28,648 - INFO - Epoch 3550  Loss: 0.0588  TrainAUC: 0.9991  ValAUC: 0.9635  TestAUC: 0.9480  TestAUPR: 0.6001  (patience 3158/100)
2026-06-08 15:16:27,642 - INFO - Epoch 3600  Loss: 0.0580  TrainAUC: 0.9990  ValAUC: 0.9643  TestAUC: 0.9485  TestAUPR: 0.5928  (patience 3208/100)
2026-06-08 15:17:25,986 - INFO - Epoch 3650  Loss: 0.0587  TrainAUC: 0.9991  ValAUC: 0.9628  TestAUC: 0.9464  TestAUPR: 0.5982  (patience 3258/100)
2026-06-08 15:18:24,268 - INFO - Epoch 3700  Loss: 0.0514  TrainAUC: 0.9991  ValAUC: 0.9638  TestAUC: 0.9479  TestAUPR: 0.5955  (patience 3308/100)
2026-06-08 15:19:23,813 - INFO - Epoch 3750  Loss: 0.0523  TrainAUC: 0.9991  ValAUC: 0.9646  TestAUC: 0.9508  TestAUPR: 0.5895  (patience 3358/100)
2026-06-08 15:20:22,425 - INFO - Epoch 3800  Loss: 0.0492  TrainAUC: 0.9993  ValAUC: 0.9615  TestAUC: 0.9456  TestAUPR: 0.5925  (patience 3408/100)
2026-06-08 15:21:21,181 - INFO - Epoch 3850  Loss: 0.0564  TrainAUC: 0.9991  ValAUC: 0.9620  TestAUC: 0.9442  TestAUPR: 0.5997  (patience 3458/100)
2026-06-08 15:22:20,693 - INFO - Epoch 3900  Loss: 0.0479  TrainAUC: 0.9993  ValAUC: 0.9630  TestAUC: 0.9476  TestAUPR: 0.5985  (patience 3508/100)
2026-06-08 15:23:19,812 - INFO - Epoch 3950  Loss: 0.0516  TrainAUC: 0.9992  ValAUC: 0.9633  TestAUC: 0.9477  TestAUPR: 0.5977  (patience 3558/100)
2026-06-08 15:24:18,756 - INFO - Epoch 4000  Loss: 0.0465  TrainAUC: 0.9993  ValAUC: 0.9646  TestAUC: 0.9451  TestAUPR: 0.5996  (patience 3608/100)
2026-06-08 15:25:18,370 - INFO - Epoch 4050  Loss: 0.0505  TrainAUC: 0.9992  ValAUC: 0.9639  TestAUC: 0.9474  TestAUPR: 0.5917  (patience 3658/100)
2026-06-08 15:26:15,729 - INFO - Epoch 4100  Loss: 0.0533  TrainAUC: 0.9991  ValAUC: 0.9635  TestAUC: 0.9473  TestAUPR: 0.6003  (patience 3708/100)
2026-06-08 15:27:13,182 - INFO - Epoch 4150  Loss: 0.0492  TrainAUC: 0.9993  ValAUC: 0.9597  TestAUC: 0.9438  TestAUPR: 0.6057  (patience 3758/100)
2026-06-08 15:28:10,971 - INFO - Epoch 4200  Loss: 0.0584  TrainAUC: 0.9991  ValAUC: 0.9629  TestAUC: 0.9471  TestAUPR: 0.6097  (patience 3808/100)
2026-06-08 15:29:10,007 - INFO - Epoch 4250  Loss: 0.0627  TrainAUC: 0.9991  ValAUC: 0.9617  TestAUC: 0.9436  TestAUPR: 0.6077  (patience 3858/100)
2026-06-08 15:30:08,885 - INFO - Epoch 4300  Loss: 0.0512  TrainAUC: 0.9993  ValAUC: 0.9619  TestAUC: 0.9465  TestAUPR: 0.6058  (patience 3908/100)
2026-06-08 15:31:08,151 - INFO - Epoch 4350  Loss: 0.0486  TrainAUC: 0.9992  ValAUC: 0.9639  TestAUC: 0.9482  TestAUPR: 0.5986  (patience 3958/100)
2026-06-08 15:32:05,365 - INFO - Epoch 4400  Loss: 0.0503  TrainAUC: 0.9993  ValAUC: 0.9598  TestAUC: 0.9446  TestAUPR: 0.6028  (patience 4008/100)
2026-06-08 15:33:04,477 - INFO - Epoch 4450  Loss: 0.0464  TrainAUC: 0.9993  ValAUC: 0.9620  TestAUC: 0.9447  TestAUPR: 0.5963  (patience 4058/100)
2026-06-08 15:34:01,364 - INFO - Epoch 4500  Loss: 0.0488  TrainAUC: 0.9993  ValAUC: 0.9619  TestAUC: 0.9475  TestAUPR: 0.6071  (patience 4108/100)
2026-06-08 15:34:57,419 - INFO - Epoch 4550  Loss: 0.0484  TrainAUC: 0.9993  ValAUC: 0.9581  TestAUC: 0.9422  TestAUPR: 0.5980  (patience 4158/100)
2026-06-08 15:35:55,734 - INFO - Epoch 4600  Loss: 0.0371  TrainAUC: 0.9995  ValAUC: 0.9591  TestAUC: 0.9452  TestAUPR: 0.6009  (patience 4208/100)
2026-06-08 15:36:54,939 - INFO - Epoch 4650  Loss: 0.0434  TrainAUC: 0.9994  ValAUC: 0.9603  TestAUC: 0.9422  TestAUPR: 0.5987  (patience 4258/100)
2026-06-08 15:37:54,597 - INFO - Epoch 4700  Loss: 0.0516  TrainAUC: 0.9993  ValAUC: 0.9567  TestAUC: 0.9418  TestAUPR: 0.6006  (patience 4308/100)
2026-06-08 15:38:53,800 - INFO - Epoch 4750  Loss: 0.0462  TrainAUC: 0.9993  ValAUC: 0.9607  TestAUC: 0.9417  TestAUPR: 0.6026  (patience 4358/100)
2026-06-08 15:39:52,890 - INFO - Epoch 4800  Loss: 0.0423  TrainAUC: 0.9994  ValAUC: 0.9611  TestAUC: 0.9471  TestAUPR: 0.5994  (patience 4408/100)
2026-06-08 15:40:51,729 - INFO - Epoch 4850  Loss: 0.0541  TrainAUC: 0.9993  ValAUC: 0.9614  TestAUC: 0.9443  TestAUPR: 0.6076  (patience 4458/100)
2026-06-08 15:41:49,990 - INFO - Epoch 4900  Loss: 0.0484  TrainAUC: 0.9993  ValAUC: 0.9587  TestAUC: 0.9438  TestAUPR: 0.5979  (patience 4508/100)
2026-06-08 15:42:48,629 - INFO - Epoch 4950  Loss: 0.0487  TrainAUC: 0.9993  ValAUC: 0.9615  TestAUC: 0.9457  TestAUPR: 0.6020  (patience 4558/100)
2026-06-08 15:43:47,540 - INFO - Epoch 5000  Loss: 0.0480  TrainAUC: 0.9994  ValAUC: 0.9618  TestAUC: 0.9464  TestAUPR: 0.5990  (patience 4608/100)
2026-06-08 15:43:49,702 - INFO - Fold 3 FINAL  AUC: 0.9569  AUPR: 0.4606
2026-06-08 15:43:49,717 - INFO - 
------------------------------------------------------------
2026-06-08 15:43:49,719 - INFO - 5-Fold CV  |  Fold 4
2026-06-08 15:43:49,720 - INFO - ------------------------------------------------------------
2026-06-08 15:43:50,429 - INFO - Graph: Graph(num_nodes={'disease': 409, 'drug': 663},
      num_edges={('disease', 'di_di', 'disease'): 6507, ('disease', 'di_dr', 'drug'): 2532, ('drug', 'dr_di', 'disease'): 2532, ('drug', 'dr_dr', 'drug'): 10582},
      metagraph=[('disease', 'disease', 'di_di'), ('disease', 'drug', 'di_dr'), ('drug', 'disease', 'dr_di'), ('drug', 'drug', 'dr_dr')])
2026-06-08 15:43:50,694 - INFO - Train pairs: 195240  |  Val pairs: 21694  |  Test pairs: 54233
2026-06-08 15:43:50,733 - INFO - Model parameters: 905,987
2026-06-08 15:43:50,736 - INFO - BCE pos_weight: 106.075
2026-06-08 15:44:50,555 - INFO - Epoch   50  Loss: 1.1478  TrainAUC: 0.7661  ValAUC: 0.8233  TestAUC: 0.7902  TestAUPR: 0.0691  (patience 0/100)
2026-06-08 15:45:50,055 - INFO - Epoch  100  Loss: 0.7461  TrainAUC: 0.9107  ValAUC: 0.9415  TestAUC: 0.8746  TestAUPR: 0.1506  (patience 1/100)
2026-06-08 15:46:49,578 - INFO - Epoch  150  Loss: 0.5059  TrainAUC: 0.9595  ValAUC: 0.9665  TestAUC: 0.9180  TestAUPR: 0.2519  (patience 3/100)
2026-06-08 15:47:48,853 - INFO - Epoch  200  Loss: 0.3899  TrainAUC: 0.9748  ValAUC: 0.9820  TestAUC: 0.9295  TestAUPR: 0.3266  (patience 0/100)
2026-06-08 15:48:47,884 - INFO - Epoch  250  Loss: 0.3443  TrainAUC: 0.9808  ValAUC: 0.9833  TestAUC: 0.9375  TestAUPR: 0.3685  (patience 7/100)
2026-06-08 15:49:47,585 - INFO - Epoch  300  Loss: 0.2810  TrainAUC: 0.9870  ValAUC: 0.9849  TestAUC: 0.9433  TestAUPR: 0.3792  (patience 5/100)
2026-06-08 15:50:47,427 - INFO - Epoch  350  Loss: 0.2573  TrainAUC: 0.9882  ValAUC: 0.9870  TestAUC: 0.9469  TestAUPR: 0.4164  (patience 12/100)
2026-06-08 15:51:46,169 - INFO - Epoch  400  Loss: 0.2176  TrainAUC: 0.9912  ValAUC: 0.9877  TestAUC: 0.9470  TestAUPR: 0.4321  (patience 29/100)
2026-06-08 15:52:44,779 - INFO - Epoch  450  Loss: 0.2137  TrainAUC: 0.9916  ValAUC: 0.9875  TestAUC: 0.9446  TestAUPR: 0.4310  (patience 79/100)
2026-06-08 15:53:44,300 - INFO - Epoch  500  Loss: 0.2016  TrainAUC: 0.9922  ValAUC: 0.9865  TestAUC: 0.9485  TestAUPR: 0.4571  (patience 38/100)
2026-06-08 15:54:43,225 - INFO - Epoch  550  Loss: 0.1895  TrainAUC: 0.9933  ValAUC: 0.9868  TestAUC: 0.9493  TestAUPR: 0.4676  (patience 88/100)
2026-06-08 15:55:42,492 - INFO - Epoch  600  Loss: 0.1861  TrainAUC: 0.9934  ValAUC: 0.9870  TestAUC: 0.9501  TestAUPR: 0.4715  (patience 138/100)
2026-06-08 15:56:42,001 - INFO - Epoch  650  Loss: 0.1718  TrainAUC: 0.9939  ValAUC: 0.9867  TestAUC: 0.9490  TestAUPR: 0.4621  (patience 188/100)
2026-06-08 15:57:40,506 - INFO - Epoch  700  Loss: 0.1672  TrainAUC: 0.9944  ValAUC: 0.9856  TestAUC: 0.9498  TestAUPR: 0.4900  (patience 238/100)
2026-06-08 15:58:38,641 - INFO - Epoch  750  Loss: 0.1650  TrainAUC: 0.9947  ValAUC: 0.9855  TestAUC: 0.9485  TestAUPR: 0.4901  (patience 288/100)
2026-06-08 15:59:36,612 - INFO - Epoch  800  Loss: 0.1485  TrainAUC: 0.9952  ValAUC: 0.9866  TestAUC: 0.9511  TestAUPR: 0.4931  (patience 338/100)
2026-06-08 16:00:35,471 - INFO - Epoch  850  Loss: 0.1434  TrainAUC: 0.9955  ValAUC: 0.9853  TestAUC: 0.9517  TestAUPR: 0.4950  (patience 388/100)
2026-06-08 16:01:34,245 - INFO - Epoch  900  Loss: 0.1494  TrainAUC: 0.9956  ValAUC: 0.9859  TestAUC: 0.9522  TestAUPR: 0.5093  (patience 438/100)
2026-06-08 16:02:33,349 - INFO - Epoch  950  Loss: 0.1457  TrainAUC: 0.9956  ValAUC: 0.9858  TestAUC: 0.9523  TestAUPR: 0.5053  (patience 488/100)
2026-06-08 16:03:32,564 - INFO - Epoch 1000  Loss: 0.1374  TrainAUC: 0.9959  ValAUC: 0.9846  TestAUC: 0.9500  TestAUPR: 0.5030  (patience 538/100)
2026-06-08 16:04:31,241 - INFO - Epoch 1050  Loss: 0.1360  TrainAUC: 0.9961  ValAUC: 0.9864  TestAUC: 0.9511  TestAUPR: 0.5037  (patience 588/100)
2026-06-08 16:05:30,287 - INFO - Epoch 1100  Loss: 0.1328  TrainAUC: 0.9962  ValAUC: 0.9854  TestAUC: 0.9504  TestAUPR: 0.5105  (patience 638/100)
2026-06-08 16:06:28,842 - INFO - Epoch 1150  Loss: 0.1275  TrainAUC: 0.9967  ValAUC: 0.9853  TestAUC: 0.9496  TestAUPR: 0.5235  (patience 688/100)
2026-06-08 16:07:28,044 - INFO - Epoch 1200  Loss: 0.1227  TrainAUC: 0.9966  ValAUC: 0.9837  TestAUC: 0.9488  TestAUPR: 0.5172  (patience 738/100)
2026-06-08 16:08:27,307 - INFO - Epoch 1250  Loss: 0.1149  TrainAUC: 0.9970  ValAUC: 0.9838  TestAUC: 0.9490  TestAUPR: 0.5231  (patience 788/100)
2026-06-08 16:09:28,117 - INFO - Epoch 1300  Loss: 0.1187  TrainAUC: 0.9967  ValAUC: 0.9831  TestAUC: 0.9512  TestAUPR: 0.5174  (patience 838/100)
2026-06-08 16:10:25,866 - INFO - Epoch 1350  Loss: 0.1192  TrainAUC: 0.9968  ValAUC: 0.9836  TestAUC: 0.9482  TestAUPR: 0.5205  (patience 888/100)
2026-06-08 16:11:26,151 - INFO - Epoch 1400  Loss: 0.1022  TrainAUC: 0.9973  ValAUC: 0.9859  TestAUC: 0.9500  TestAUPR: 0.5242  (patience 938/100)
2026-06-08 16:12:24,402 - INFO - Epoch 1450  Loss: 0.1137  TrainAUC: 0.9970  ValAUC: 0.9827  TestAUC: 0.9503  TestAUPR: 0.5321  (patience 988/100)
2026-06-08 16:13:23,039 - INFO - Epoch 1500  Loss: 0.1112  TrainAUC: 0.9973  ValAUC: 0.9836  TestAUC: 0.9454  TestAUPR: 0.5278  (patience 1038/100)
2026-06-08 16:14:21,221 - INFO - Epoch 1550  Loss: 0.0996  TrainAUC: 0.9977  ValAUC: 0.9823  TestAUC: 0.9489  TestAUPR: 0.5215  (patience 1088/100)
2026-06-08 16:15:18,007 - INFO - Epoch 1600  Loss: 0.1056  TrainAUC: 0.9974  ValAUC: 0.9809  TestAUC: 0.9482  TestAUPR: 0.5271  (patience 1138/100)
2026-06-08 16:16:16,663 - INFO - Epoch 1650  Loss: 0.1001  TrainAUC: 0.9976  ValAUC: 0.9817  TestAUC: 0.9491  TestAUPR: 0.5297  (patience 1188/100)
2026-06-08 16:17:14,527 - INFO - Epoch 1700  Loss: 0.0928  TrainAUC: 0.9978  ValAUC: 0.9834  TestAUC: 0.9484  TestAUPR: 0.5375  (patience 1238/100)
2026-06-08 16:18:17,337 - INFO - Epoch 1750  Loss: 0.0985  TrainAUC: 0.9978  ValAUC: 0.9833  TestAUC: 0.9503  TestAUPR: 0.5470  (patience 1288/100)
2026-06-08 16:19:18,984 - INFO - Epoch 1800  Loss: 0.0939  TrainAUC: 0.9980  ValAUC: 0.9821  TestAUC: 0.9483  TestAUPR: 0.5425  (patience 1338/100)
2026-06-08 16:20:17,120 - INFO - Epoch 1850  Loss: 0.0961  TrainAUC: 0.9977  ValAUC: 0.9791  TestAUC: 0.9469  TestAUPR: 0.5277  (patience 1388/100)
2026-06-08 16:21:16,901 - INFO - Epoch 1900  Loss: 0.0948  TrainAUC: 0.9978  ValAUC: 0.9795  TestAUC: 0.9478  TestAUPR: 0.5369  (patience 1438/100)
2026-06-08 16:22:16,350 - INFO - Epoch 1950  Loss: 0.0970  TrainAUC: 0.9978  ValAUC: 0.9791  TestAUC: 0.9477  TestAUPR: 0.5421  (patience 1488/100)
2026-06-08 16:23:17,434 - INFO - Epoch 2000  Loss: 0.0837  TrainAUC: 0.9982  ValAUC: 0.9784  TestAUC: 0.9490  TestAUPR: 0.5256  (patience 1538/100)
2026-06-08 16:24:16,813 - INFO - Epoch 2050  Loss: 0.0799  TrainAUC: 0.9982  ValAUC: 0.9803  TestAUC: 0.9465  TestAUPR: 0.5290  (patience 1588/100)
2026-06-08 16:25:16,809 - INFO - Epoch 2100  Loss: 0.0894  TrainAUC: 0.9980  ValAUC: 0.9799  TestAUC: 0.9476  TestAUPR: 0.5414  (patience 1638/100)
2026-06-08 16:26:16,358 - INFO - Epoch 2150  Loss: 0.0853  TrainAUC: 0.9982  ValAUC: 0.9795  TestAUC: 0.9459  TestAUPR: 0.5385  (patience 1688/100)
2026-06-08 16:27:15,688 - INFO - Epoch 2200  Loss: 0.0792  TrainAUC: 0.9983  ValAUC: 0.9781  TestAUC: 0.9465  TestAUPR: 0.5353  (patience 1738/100)
2026-06-08 16:28:14,149 - INFO - Epoch 2250  Loss: 0.0891  TrainAUC: 0.9980  ValAUC: 0.9766  TestAUC: 0.9443  TestAUPR: 0.5427  (patience 1788/100)
2026-06-08 16:29:13,049 - INFO - Epoch 2300  Loss: 0.0817  TrainAUC: 0.9983  ValAUC: 0.9783  TestAUC: 0.9465  TestAUPR: 0.5459  (patience 1838/100)
2026-06-08 16:30:13,951 - INFO - Epoch 2350  Loss: 0.0859  TrainAUC: 0.9983  ValAUC: 0.9775  TestAUC: 0.9469  TestAUPR: 0.5432  (patience 1888/100)
2026-06-08 16:31:10,775 - INFO - Epoch 2400  Loss: 0.0779  TrainAUC: 0.9986  ValAUC: 0.9777  TestAUC: 0.9462  TestAUPR: 0.5506  (patience 1938/100)
2026-06-08 16:32:08,414 - INFO - Epoch 2450  Loss: 0.0745  TrainAUC: 0.9985  ValAUC: 0.9781  TestAUC: 0.9484  TestAUPR: 0.5441  (patience 1988/100)
2026-06-08 16:33:07,966 - INFO - Epoch 2500  Loss: 0.0744  TrainAUC: 0.9985  ValAUC: 0.9791  TestAUC: 0.9483  TestAUPR: 0.5482  (patience 2038/100)
2026-06-08 16:34:05,501 - INFO - Epoch 2550  Loss: 0.0737  TrainAUC: 0.9985  ValAUC: 0.9771  TestAUC: 0.9477  TestAUPR: 0.5397  (patience 2088/100)
2026-06-08 16:35:03,687 - INFO - Epoch 2600  Loss: 0.0812  TrainAUC: 0.9986  ValAUC: 0.9785  TestAUC: 0.9472  TestAUPR: 0.5546  (patience 2138/100)
2026-06-08 16:36:00,851 - INFO - Epoch 2650  Loss: 0.0766  TrainAUC: 0.9985  ValAUC: 0.9788  TestAUC: 0.9477  TestAUPR: 0.5409  (patience 2188/100)
2026-06-08 16:36:58,380 - INFO - Epoch 2700  Loss: 0.0720  TrainAUC: 0.9986  ValAUC: 0.9786  TestAUC: 0.9464  TestAUPR: 0.5444  (patience 2238/100)
2026-06-08 16:37:55,508 - INFO - Epoch 2750  Loss: 0.0726  TrainAUC: 0.9986  ValAUC: 0.9739  TestAUC: 0.9455  TestAUPR: 0.5433  (patience 2288/100)
2026-06-08 16:38:53,392 - INFO - Epoch 2800  Loss: 0.0688  TrainAUC: 0.9986  ValAUC: 0.9783  TestAUC: 0.9487  TestAUPR: 0.5560  (patience 2338/100)
2026-06-08 16:39:52,158 - INFO - Epoch 2850  Loss: 0.0745  TrainAUC: 0.9986  ValAUC: 0.9768  TestAUC: 0.9454  TestAUPR: 0.5570  (patience 2388/100)
2026-06-08 16:40:49,639 - INFO - Epoch 2900  Loss: 0.0734  TrainAUC: 0.9986  ValAUC: 0.9761  TestAUC: 0.9462  TestAUPR: 0.5585  (patience 2438/100)
2026-06-08 16:41:46,889 - INFO - Epoch 2950  Loss: 0.0642  TrainAUC: 0.9988  ValAUC: 0.9777  TestAUC: 0.9457  TestAUPR: 0.5602  (patience 2488/100)
2026-06-08 16:42:44,388 - INFO - Epoch 3000  Loss: 0.0710  TrainAUC: 0.9987  ValAUC: 0.9784  TestAUC: 0.9489  TestAUPR: 0.5448  (patience 2538/100)
2026-06-08 16:43:41,812 - INFO - Epoch 3050  Loss: 0.0671  TrainAUC: 0.9987  ValAUC: 0.9783  TestAUC: 0.9440  TestAUPR: 0.5552  (patience 2588/100)
2026-06-08 16:44:39,569 - INFO - Epoch 3100  Loss: 0.0622  TrainAUC: 0.9989  ValAUC: 0.9768  TestAUC: 0.9455  TestAUPR: 0.5646  (patience 2638/100)
2026-06-08 16:45:37,319 - INFO - Epoch 3150  Loss: 0.0717  TrainAUC: 0.9987  ValAUC: 0.9752  TestAUC: 0.9459  TestAUPR: 0.5535  (patience 2688/100)
2026-06-08 16:46:34,857 - INFO - Epoch 3200  Loss: 0.0619  TrainAUC: 0.9989  ValAUC: 0.9744  TestAUC: 0.9431  TestAUPR: 0.5556  (patience 2738/100)
2026-06-08 16:47:32,438 - INFO - Epoch 3250  Loss: 0.0711  TrainAUC: 0.9987  ValAUC: 0.9775  TestAUC: 0.9474  TestAUPR: 0.5578  (patience 2788/100)
2026-06-08 16:48:29,850 - INFO - Epoch 3300  Loss: 0.0632  TrainAUC: 0.9989  ValAUC: 0.9758  TestAUC: 0.9422  TestAUPR: 0.5484  (patience 2838/100)
2026-06-08 16:49:28,405 - INFO - Epoch 3350  Loss: 0.0674  TrainAUC: 0.9988  ValAUC: 0.9748  TestAUC: 0.9446  TestAUPR: 0.5575  (patience 2888/100)
2026-06-08 16:50:25,835 - INFO - Epoch 3400  Loss: 0.0701  TrainAUC: 0.9988  ValAUC: 0.9757  TestAUC: 0.9442  TestAUPR: 0.5708  (patience 2938/100)
2026-06-08 16:51:23,620 - INFO - Epoch 3450  Loss: 0.0659  TrainAUC: 0.9988  ValAUC: 0.9747  TestAUC: 0.9415  TestAUPR: 0.5662  (patience 2988/100)
2026-06-08 16:52:21,655 - INFO - Epoch 3500  Loss: 0.0686  TrainAUC: 0.9989  ValAUC: 0.9768  TestAUC: 0.9442  TestAUPR: 0.5523  (patience 3038/100)
2026-06-08 16:53:19,501 - INFO - Epoch 3550  Loss: 0.0612  TrainAUC: 0.9990  ValAUC: 0.9754  TestAUC: 0.9439  TestAUPR: 0.5632  (patience 3088/100)
2026-06-08 16:54:18,516 - INFO - Epoch 3600  Loss: 0.0677  TrainAUC: 0.9989  ValAUC: 0.9746  TestAUC: 0.9457  TestAUPR: 0.5653  (patience 3138/100)
2026-06-08 16:55:16,649 - INFO - Epoch 3650  Loss: 0.0635  TrainAUC: 0.9988  ValAUC: 0.9747  TestAUC: 0.9459  TestAUPR: 0.5598  (patience 3188/100)
2026-06-08 16:56:13,301 - INFO - Epoch 3700  Loss: 0.0592  TrainAUC: 0.9990  ValAUC: 0.9731  TestAUC: 0.9470  TestAUPR: 0.5600  (patience 3238/100)
2026-06-08 16:57:08,978 - INFO - Epoch 3750  Loss: 0.0625  TrainAUC: 0.9989  ValAUC: 0.9745  TestAUC: 0.9445  TestAUPR: 0.5626  (patience 3288/100)
2026-06-08 16:58:04,018 - INFO - Epoch 3800  Loss: 0.0679  TrainAUC: 0.9989  ValAUC: 0.9789  TestAUC: 0.9436  TestAUPR: 0.5559  (patience 3338/100)
2026-06-08 16:58:59,050 - INFO - Epoch 3850  Loss: 0.0632  TrainAUC: 0.9990  ValAUC: 0.9789  TestAUC: 0.9455  TestAUPR: 0.5602  (patience 3388/100)
2026-06-08 16:59:54,269 - INFO - Epoch 3900  Loss: 0.0554  TrainAUC: 0.9991  ValAUC: 0.9766  TestAUC: 0.9430  TestAUPR: 0.5616  (patience 3438/100)
2026-06-08 17:00:49,820 - INFO - Epoch 3950  Loss: 0.0524  TrainAUC: 0.9992  ValAUC: 0.9752  TestAUC: 0.9411  TestAUPR: 0.5703  (patience 3488/100)
2026-06-08 17:01:45,901 - INFO - Epoch 4000  Loss: 0.0588  TrainAUC: 0.9990  ValAUC: 0.9762  TestAUC: 0.9424  TestAUPR: 0.5545  (patience 3538/100)
2026-06-08 17:02:44,367 - INFO - Epoch 4050  Loss: 0.0554  TrainAUC: 0.9991  ValAUC: 0.9734  TestAUC: 0.9417  TestAUPR: 0.5541  (patience 3588/100)
2026-06-08 17:03:39,615 - INFO - Epoch 4100  Loss: 0.0553  TrainAUC: 0.9991  ValAUC: 0.9743  TestAUC: 0.9433  TestAUPR: 0.5564  (patience 3638/100)
2026-06-08 17:04:34,643 - INFO - Epoch 4150  Loss: 0.0515  TrainAUC: 0.9992  ValAUC: 0.9753  TestAUC: 0.9414  TestAUPR: 0.5587  (patience 3688/100)
2026-06-08 17:05:30,263 - INFO - Epoch 4200  Loss: 0.0577  TrainAUC: 0.9992  ValAUC: 0.9718  TestAUC: 0.9421  TestAUPR: 0.5569  (patience 3738/100)
2026-06-08 17:06:25,658 - INFO - Epoch 4250  Loss: 0.0495  TrainAUC: 0.9992  ValAUC: 0.9745  TestAUC: 0.9447  TestAUPR: 0.5710  (patience 3788/100)
2026-06-08 17:07:21,194 - INFO - Epoch 4300  Loss: 0.0550  TrainAUC: 0.9991  ValAUC: 0.9741  TestAUC: 0.9424  TestAUPR: 0.5693  (patience 3838/100)
2026-06-08 17:08:18,805 - INFO - Epoch 4350  Loss: 0.0478  TrainAUC: 0.9993  ValAUC: 0.9676  TestAUC: 0.9412  TestAUPR: 0.5617  (patience 3888/100)
2026-06-08 17:09:16,838 - INFO - Epoch 4400  Loss: 0.0546  TrainAUC: 0.9992  ValAUC: 0.9734  TestAUC: 0.9435  TestAUPR: 0.5681  (patience 3938/100)
2026-06-08 17:10:14,778 - INFO - Epoch 4450  Loss: 0.0537  TrainAUC: 0.9992  ValAUC: 0.9717  TestAUC: 0.9436  TestAUPR: 0.5682  (patience 3988/100)
2026-06-08 17:11:11,589 - INFO - Epoch 4500  Loss: 0.0543  TrainAUC: 0.9992  ValAUC: 0.9699  TestAUC: 0.9411  TestAUPR: 0.5727  (patience 4038/100)
2026-06-08 17:12:09,673 - INFO - Epoch 4550  Loss: 0.0510  TrainAUC: 0.9992  ValAUC: 0.9731  TestAUC: 0.9445  TestAUPR: 0.5684  (patience 4088/100)
2026-06-08 17:13:09,536 - INFO - Epoch 4600  Loss: 0.0553  TrainAUC: 0.9991  ValAUC: 0.9751  TestAUC: 0.9444  TestAUPR: 0.5573  (patience 4138/100)
2026-06-08 17:14:07,395 - INFO - Epoch 4650  Loss: 0.0551  TrainAUC: 0.9992  ValAUC: 0.9733  TestAUC: 0.9394  TestAUPR: 0.5647  (patience 4188/100)
2026-06-08 17:15:04,197 - INFO - Epoch 4700  Loss: 0.0508  TrainAUC: 0.9992  ValAUC: 0.9719  TestAUC: 0.9434  TestAUPR: 0.5555  (patience 4238/100)
2026-06-08 17:16:01,459 - INFO - Epoch 4750  Loss: 0.0520  TrainAUC: 0.9992  ValAUC: 0.9714  TestAUC: 0.9413  TestAUPR: 0.5773  (patience 4288/100)
2026-06-08 17:16:58,970 - INFO - Epoch 4800  Loss: 0.0487  TrainAUC: 0.9993  ValAUC: 0.9709  TestAUC: 0.9397  TestAUPR: 0.5674  (patience 4338/100)
2026-06-08 17:17:56,757 - INFO - Epoch 4850  Loss: 0.0573  TrainAUC: 0.9991  ValAUC: 0.9740  TestAUC: 0.9433  TestAUPR: 0.5674  (patience 4388/100)
2026-06-08 17:18:56,633 - INFO - Epoch 4900  Loss: 0.0547  TrainAUC: 0.9991  ValAUC: 0.9714  TestAUC: 0.9423  TestAUPR: 0.5637  (patience 4438/100)
2026-06-08 17:19:56,273 - INFO - Epoch 4950  Loss: 0.0448  TrainAUC: 0.9993  ValAUC: 0.9693  TestAUC: 0.9404  TestAUPR: 0.5524  (patience 4488/100)
2026-06-08 17:20:55,018 - INFO - Epoch 5000  Loss: 0.0440  TrainAUC: 0.9993  ValAUC: 0.9718  TestAUC: 0.9396  TestAUPR: 0.5549  (patience 4538/100)
2026-06-08 17:20:57,460 - INFO - Fold 4 FINAL  AUC: 0.9488  AUPR: 0.4345
2026-06-08 17:20:57,487 - INFO - 
------------------------------------------------------------
2026-06-08 17:20:57,490 - INFO - 5-Fold CV  |  Fold 5
2026-06-08 17:20:57,490 - INFO - ------------------------------------------------------------
2026-06-08 17:20:58,422 - INFO - Graph: Graph(num_nodes={'disease': 409, 'drug': 663},
      num_edges={('disease', 'di_di', 'disease'): 6507, ('disease', 'di_dr', 'drug'): 2532, ('drug', 'dr_di', 'disease'): 2532, ('drug', 'dr_dr', 'drug'): 10582},
      metagraph=[('disease', 'disease', 'di_di'), ('disease', 'drug', 'di_dr'), ('drug', 'disease', 'dr_di'), ('drug', 'drug', 'dr_dr')])
2026-06-08 17:20:58,701 - INFO - Train pairs: 195240  |  Val pairs: 21694  |  Test pairs: 54233
2026-06-08 17:20:58,753 - INFO - Model parameters: 905,987
2026-06-08 17:20:58,761 - INFO - BCE pos_weight: 106.075
2026-06-08 17:21:59,689 - INFO - Epoch   50  Loss: 0.9965  TrainAUC: 0.8373  ValAUC: 0.8871  TestAUC: 0.8343  TestAUPR: 0.1316  (patience 1/100)
2026-06-08 17:22:58,255 - INFO - Epoch  100  Loss: 0.6580  TrainAUC: 0.9414  ValAUC: 0.9585  TestAUC: 0.9153  TestAUPR: 0.2880  (patience 8/100)
2026-06-08 17:23:57,506 - INFO - Epoch  150  Loss: 0.4092  TrainAUC: 0.9731  ValAUC: 0.9777  TestAUC: 0.9334  TestAUPR: 0.3458  (patience 0/100)
2026-06-08 17:24:56,559 - INFO - Epoch  200  Loss: 0.3422  TrainAUC: 0.9805  ValAUC: 0.9782  TestAUC: 0.9419  TestAUPR: 0.3848  (patience 36/100)
2026-06-08 17:25:55,493 - INFO - Epoch  250  Loss: 0.2811  TrainAUC: 0.9857  ValAUC: 0.9811  TestAUC: 0.9469  TestAUPR: 0.4011  (patience 17/100)
2026-06-08 17:26:53,141 - INFO - Epoch  300  Loss: 0.2452  TrainAUC: 0.9888  ValAUC: 0.9818  TestAUC: 0.9478  TestAUPR: 0.4547  (patience 11/100)
2026-06-08 17:27:51,669 - INFO - Epoch  350  Loss: 0.2186  TrainAUC: 0.9910  ValAUC: 0.9839  TestAUC: 0.9482  TestAUPR: 0.4850  (patience 24/100)
2026-06-08 17:28:49,188 - INFO - Epoch  400  Loss: 0.2131  TrainAUC: 0.9916  ValAUC: 0.9834  TestAUC: 0.9493  TestAUPR: 0.4974  (patience 74/100)
2026-06-08 17:29:47,879 - INFO - Epoch  450  Loss: 0.1824  TrainAUC: 0.9934  ValAUC: 0.9840  TestAUC: 0.9489  TestAUPR: 0.5062  (patience 124/100)
2026-06-08 17:30:46,129 - INFO - Epoch  500  Loss: 0.1998  TrainAUC: 0.9926  ValAUC: 0.9828  TestAUC: 0.9495  TestAUPR: 0.5145  (patience 174/100)
2026-06-08 17:31:44,537 - INFO - Epoch  550  Loss: 0.1651  TrainAUC: 0.9945  ValAUC: 0.9828  TestAUC: 0.9480  TestAUPR: 0.5200  (patience 224/100)
2026-06-08 17:32:47,552 - INFO - Epoch  600  Loss: 0.1645  TrainAUC: 0.9944  ValAUC: 0.9823  TestAUC: 0.9480  TestAUPR: 0.5409  (patience 274/100)
2026-06-08 17:33:47,557 - INFO - Epoch  650  Loss: 0.1544  TrainAUC: 0.9950  ValAUC: 0.9815  TestAUC: 0.9480  TestAUPR: 0.5412  (patience 324/100)
2026-06-08 17:34:48,969 - INFO - Epoch  700  Loss: 0.1506  TrainAUC: 0.9953  ValAUC: 0.9827  TestAUC: 0.9489  TestAUPR: 0.5455  (patience 374/100)
2026-06-08 17:35:47,480 - INFO - Epoch  750  Loss: 0.1391  TrainAUC: 0.9958  ValAUC: 0.9780  TestAUC: 0.9461  TestAUPR: 0.5472  (patience 424/100)
2026-06-08 17:36:44,519 - INFO - Epoch  800  Loss: 0.1468  TrainAUC: 0.9955  ValAUC: 0.9800  TestAUC: 0.9436  TestAUPR: 0.5650  (patience 474/100)
2026-06-08 17:37:42,242 - INFO - Epoch  850  Loss: 0.1378  TrainAUC: 0.9959  ValAUC: 0.9792  TestAUC: 0.9458  TestAUPR: 0.5642  (patience 524/100)
2026-06-08 17:38:40,328 - INFO - Epoch  900  Loss: 0.1295  TrainAUC: 0.9962  ValAUC: 0.9805  TestAUC: 0.9478  TestAUPR: 0.5684  (patience 574/100)
2026-06-08 17:39:38,282 - INFO - Epoch  950  Loss: 0.1231  TrainAUC: 0.9965  ValAUC: 0.9791  TestAUC: 0.9455  TestAUPR: 0.5734  (patience 624/100)
2026-06-08 17:40:35,751 - INFO - Epoch 1000  Loss: 0.1212  TrainAUC: 0.9966  ValAUC: 0.9793  TestAUC: 0.9465  TestAUPR: 0.5838  (patience 674/100)
2026-06-08 17:41:33,676 - INFO - Epoch 1050  Loss: 0.1268  TrainAUC: 0.9964  ValAUC: 0.9787  TestAUC: 0.9469  TestAUPR: 0.5791  (patience 724/100)
2026-06-08 17:42:31,475 - INFO - Epoch 1100  Loss: 0.1213  TrainAUC: 0.9966  ValAUC: 0.9755  TestAUC: 0.9453  TestAUPR: 0.5789  (patience 774/100)
2026-06-08 17:43:30,812 - INFO - Epoch 1150  Loss: 0.1227  TrainAUC: 0.9966  ValAUC: 0.9768  TestAUC: 0.9481  TestAUPR: 0.5875  (patience 824/100)
2026-06-08 17:44:29,970 - INFO - Epoch 1200  Loss: 0.1201  TrainAUC: 0.9967  ValAUC: 0.9763  TestAUC: 0.9473  TestAUPR: 0.5693  (patience 874/100)
2026-06-08 17:45:28,542 - INFO - Epoch 1250  Loss: 0.1135  TrainAUC: 0.9970  ValAUC: 0.9770  TestAUC: 0.9481  TestAUPR: 0.5846  (patience 924/100)
2026-06-08 17:46:26,641 - INFO - Epoch 1300  Loss: 0.1125  TrainAUC: 0.9971  ValAUC: 0.9767  TestAUC: 0.9454  TestAUPR: 0.5815  (patience 974/100)
2026-06-08 17:47:24,960 - INFO - Epoch 1350  Loss: 0.1188  TrainAUC: 0.9968  ValAUC: 0.9749  TestAUC: 0.9458  TestAUPR: 0.5882  (patience 1024/100)
2026-06-08 17:48:22,832 - INFO - Epoch 1400  Loss: 0.1082  TrainAUC: 0.9972  ValAUC: 0.9770  TestAUC: 0.9466  TestAUPR: 0.6035  (patience 1074/100)
2026-06-08 17:49:20,772 - INFO - Epoch 1450  Loss: 0.0953  TrainAUC: 0.9976  ValAUC: 0.9729  TestAUC: 0.9441  TestAUPR: 0.5899  (patience 1124/100)
2026-06-08 17:50:18,347 - INFO - Epoch 1500  Loss: 0.1069  TrainAUC: 0.9971  ValAUC: 0.9763  TestAUC: 0.9460  TestAUPR: 0.5885  (patience 1174/100)
2026-06-08 17:51:16,172 - INFO - Epoch 1550  Loss: 0.0991  TrainAUC: 0.9976  ValAUC: 0.9770  TestAUC: 0.9484  TestAUPR: 0.5977  (patience 1224/100)
2026-06-08 17:52:14,104 - INFO - Epoch 1600  Loss: 0.0936  TrainAUC: 0.9977  ValAUC: 0.9764  TestAUC: 0.9482  TestAUPR: 0.6033  (patience 1274/100)
2026-06-08 17:53:12,533 - INFO - Epoch 1650  Loss: 0.1076  TrainAUC: 0.9975  ValAUC: 0.9745  TestAUC: 0.9472  TestAUPR: 0.5979  (patience 1324/100)
2026-06-08 17:54:10,914 - INFO - Epoch 1700  Loss: 0.0971  TrainAUC: 0.9977  ValAUC: 0.9717  TestAUC: 0.9465  TestAUPR: 0.5997  (patience 1374/100)
2026-06-08 17:55:09,961 - INFO - Epoch 1750  Loss: 0.0950  TrainAUC: 0.9978  ValAUC: 0.9747  TestAUC: 0.9451  TestAUPR: 0.6070  (patience 1424/100)
2026-06-08 17:56:08,207 - INFO - Epoch 1800  Loss: 0.1020  TrainAUC: 0.9978  ValAUC: 0.9734  TestAUC: 0.9454  TestAUPR: 0.6074  (patience 1474/100)
2026-06-08 17:57:05,977 - INFO - Epoch 1850  Loss: 0.0883  TrainAUC: 0.9980  ValAUC: 0.9678  TestAUC: 0.9462  TestAUPR: 0.6050  (patience 1524/100)
2026-06-08 17:58:04,183 - INFO - Epoch 1900  Loss: 0.1042  TrainAUC: 0.9979  ValAUC: 0.9722  TestAUC: 0.9483  TestAUPR: 0.6104  (patience 1574/100)
2026-06-08 17:59:01,784 - INFO - Epoch 1950  Loss: 0.0961  TrainAUC: 0.9980  ValAUC: 0.9727  TestAUC: 0.9483  TestAUPR: 0.5946  (patience 1624/100)
2026-06-08 17:59:59,417 - INFO - Epoch 2000  Loss: 0.0847  TrainAUC: 0.9982  ValAUC: 0.9697  TestAUC: 0.9444  TestAUPR: 0.6046  (patience 1674/100)
2026-06-08 18:00:57,831 - INFO - Epoch 2050  Loss: 0.0815  TrainAUC: 0.9981  ValAUC: 0.9715  TestAUC: 0.9461  TestAUPR: 0.6122  (patience 1724/100)
2026-06-08 18:01:55,287 - INFO - Epoch 2100  Loss: 0.0826  TrainAUC: 0.9982  ValAUC: 0.9712  TestAUC: 0.9454  TestAUPR: 0.6150  (patience 1774/100)
2026-06-08 18:03:00,907 - INFO - Epoch 2150  Loss: 0.0826  TrainAUC: 0.9983  ValAUC: 0.9669  TestAUC: 0.9459  TestAUPR: 0.6137  (patience 1824/100)
2026-06-08 18:04:02,868 - INFO - Epoch 2200  Loss: 0.0749  TrainAUC: 0.9983  ValAUC: 0.9690  TestAUC: 0.9453  TestAUPR: 0.6117  (patience 1874/100)
2026-06-08 18:05:06,436 - INFO - Epoch 2250  Loss: 0.0877  TrainAUC: 0.9982  ValAUC: 0.9689  TestAUC: 0.9451  TestAUPR: 0.6184  (patience 1924/100)
2026-06-08 18:06:05,926 - INFO - Epoch 2300  Loss: 0.0869  TrainAUC: 0.9981  ValAUC: 0.9688  TestAUC: 0.9447  TestAUPR: 0.6085  (patience 1974/100)
2026-06-08 18:07:03,808 - INFO - Epoch 2350  Loss: 0.0730  TrainAUC: 0.9984  ValAUC: 0.9717  TestAUC: 0.9458  TestAUPR: 0.6212  (patience 2024/100)
2026-06-08 18:08:02,181 - INFO - Epoch 2400  Loss: 0.0828  TrainAUC: 0.9984  ValAUC: 0.9690  TestAUC: 0.9465  TestAUPR: 0.6230  (patience 2074/100)
2026-06-08 18:09:02,230 - INFO - Epoch 2450  Loss: 0.0675  TrainAUC: 0.9987  ValAUC: 0.9681  TestAUC: 0.9481  TestAUPR: 0.6248  (patience 2124/100)
2026-06-08 18:10:01,641 - INFO - Epoch 2500  Loss: 0.0716  TrainAUC: 0.9986  ValAUC: 0.9686  TestAUC: 0.9459  TestAUPR: 0.6139  (patience 2174/100)
2026-06-08 18:11:01,047 - INFO - Epoch 2550  Loss: 0.0808  TrainAUC: 0.9984  ValAUC: 0.9680  TestAUC: 0.9460  TestAUPR: 0.6234  (patience 2224/100)
2026-06-08 18:11:59,546 - INFO - Epoch 2600  Loss: 0.0770  TrainAUC: 0.9985  ValAUC: 0.9673  TestAUC: 0.9449  TestAUPR: 0.6212  (patience 2274/100)
2026-06-08 18:13:02,703 - INFO - Epoch 2650  Loss: 0.0695  TrainAUC: 0.9987  ValAUC: 0.9661  TestAUC: 0.9460  TestAUPR: 0.6321  (patience 2324/100)
2026-06-08 18:14:06,678 - INFO - Epoch 2700  Loss: 0.0694  TrainAUC: 0.9986  ValAUC: 0.9655  TestAUC: 0.9464  TestAUPR: 0.6236  (patience 2374/100)
2026-06-08 18:15:07,456 - INFO - Epoch 2750  Loss: 0.0697  TrainAUC: 0.9987  ValAUC: 0.9625  TestAUC: 0.9458  TestAUPR: 0.6315  (patience 2424/100)
2026-06-08 18:16:09,113 - INFO - Epoch 2800  Loss: 0.0735  TrainAUC: 0.9986  ValAUC: 0.9649  TestAUC: 0.9457  TestAUPR: 0.6234  (patience 2474/100)
2026-06-08 18:17:13,414 - INFO - Epoch 2850  Loss: 0.0634  TrainAUC: 0.9988  ValAUC: 0.9698  TestAUC: 0.9443  TestAUPR: 0.6153  (patience 2524/100)
2026-06-08 18:18:18,409 - INFO - Epoch 2900  Loss: 0.0738  TrainAUC: 0.9986  ValAUC: 0.9652  TestAUC: 0.9447  TestAUPR: 0.6268  (patience 2574/100)
2026-06-08 18:19:22,611 - INFO - Epoch 2950  Loss: 0.0671  TrainAUC: 0.9988  ValAUC: 0.9647  TestAUC: 0.9448  TestAUPR: 0.6298  (patience 2624/100)
2026-06-08 18:20:21,108 - INFO - Epoch 3000  Loss: 0.0699  TrainAUC: 0.9987  ValAUC: 0.9651  TestAUC: 0.9439  TestAUPR: 0.6308  (patience 2674/100)
2026-06-08 18:21:21,511 - INFO - Epoch 3050  Loss: 0.0653  TrainAUC: 0.9988  ValAUC: 0.9640  TestAUC: 0.9457  TestAUPR: 0.6237  (patience 2724/100)
2026-06-08 18:22:21,391 - INFO - Epoch 3100  Loss: 0.0693  TrainAUC: 0.9987  ValAUC: 0.9664  TestAUC: 0.9480  TestAUPR: 0.6284  (patience 2774/100)
2026-06-08 18:23:19,721 - INFO - Epoch 3150  Loss: 0.0766  TrainAUC: 0.9987  ValAUC: 0.9639  TestAUC: 0.9456  TestAUPR: 0.6200  (patience 2824/100)
2026-06-08 18:24:18,068 - INFO - Epoch 3200  Loss: 0.0612  TrainAUC: 0.9988  ValAUC: 0.9641  TestAUC: 0.9457  TestAUPR: 0.6266  (patience 2874/100)
2026-06-08 18:25:21,292 - INFO - Epoch 3250  Loss: 0.0641  TrainAUC: 0.9988  ValAUC: 0.9641  TestAUC: 0.9459  TestAUPR: 0.6423  (patience 2924/100)
2026-06-08 18:26:29,415 - INFO - Epoch 3300  Loss: 0.0558  TrainAUC: 0.9990  ValAUC: 0.9616  TestAUC: 0.9460  TestAUPR: 0.6368  (patience 2974/100)
2026-06-08 18:27:29,779 - INFO - Epoch 3350  Loss: 0.0589  TrainAUC: 0.9990  ValAUC: 0.9592  TestAUC: 0.9438  TestAUPR: 0.6363  (patience 3024/100)
2026-06-08 18:28:28,333 - INFO - Epoch 3400  Loss: 0.0616  TrainAUC: 0.9989  ValAUC: 0.9629  TestAUC: 0.9463  TestAUPR: 0.6261  (patience 3074/100)
2026-06-08 18:29:31,232 - INFO - Epoch 3450  Loss: 0.0548  TrainAUC: 0.9991  ValAUC: 0.9619  TestAUC: 0.9441  TestAUPR: 0.6334  (patience 3124/100)
2026-06-08 18:30:44,946 - INFO - Epoch 3500  Loss: 0.0605  TrainAUC: 0.9990  ValAUC: 0.9590  TestAUC: 0.9425  TestAUPR: 0.6301  (patience 3174/100)
2026-06-08 18:32:03,433 - INFO - Epoch 3550  Loss: 0.0605  TrainAUC: 0.9990  ValAUC: 0.9625  TestAUC: 0.9434  TestAUPR: 0.6287  (patience 3224/100)
2026-06-08 18:33:10,076 - INFO - Epoch 3600  Loss: 0.0633  TrainAUC: 0.9989  ValAUC: 0.9607  TestAUC: 0.9441  TestAUPR: 0.6371  (patience 3274/100)
2026-06-08 18:34:15,146 - INFO - Epoch 3650  Loss: 0.0608  TrainAUC: 0.9990  ValAUC: 0.9570  TestAUC: 0.9420  TestAUPR: 0.6370  (patience 3324/100)
2026-06-08 18:35:30,367 - INFO - Epoch 3700  Loss: 0.0607  TrainAUC: 0.9990  ValAUC: 0.9609  TestAUC: 0.9436  TestAUPR: 0.6343  (patience 3374/100)
2026-06-08 18:36:33,210 - INFO - Epoch 3750  Loss: 0.0605  TrainAUC: 0.9989  ValAUC: 0.9604  TestAUC: 0.9426  TestAUPR: 0.6371  (patience 3424/100)
2026-06-08 18:37:39,600 - INFO - Epoch 3800  Loss: 0.0580  TrainAUC: 0.9991  ValAUC: 0.9635  TestAUC: 0.9439  TestAUPR: 0.6368  (patience 3474/100)
2026-06-08 18:38:39,168 - INFO - Epoch 3850  Loss: 0.0570  TrainAUC: 0.9991  ValAUC: 0.9571  TestAUC: 0.9446  TestAUPR: 0.6377  (patience 3524/100)
2026-06-08 18:39:41,068 - INFO - Epoch 3900  Loss: 0.0531  TrainAUC: 0.9992  ValAUC: 0.9582  TestAUC: 0.9441  TestAUPR: 0.6453  (patience 3574/100)
2026-06-08 18:40:46,159 - INFO - Epoch 3950  Loss: 0.0610  TrainAUC: 0.9991  ValAUC: 0.9601  TestAUC: 0.9441  TestAUPR: 0.6383  (patience 3624/100)
2026-06-08 18:41:56,191 - INFO - Epoch 4000  Loss: 0.0503  TrainAUC: 0.9992  ValAUC: 0.9624  TestAUC: 0.9453  TestAUPR: 0.6310  (patience 3674/100)
2026-06-08 18:43:06,370 - INFO - Epoch 4050  Loss: 0.0560  TrainAUC: 0.9990  ValAUC: 0.9626  TestAUC: 0.9441  TestAUPR: 0.6356  (patience 3724/100)
2026-06-08 18:44:14,106 - INFO - Epoch 4100  Loss: 0.0476  TrainAUC: 0.9993  ValAUC: 0.9590  TestAUC: 0.9441  TestAUPR: 0.6317  (patience 3774/100)
2026-06-08 18:45:25,608 - INFO - Epoch 4150  Loss: 0.0531  TrainAUC: 0.9991  ValAUC: 0.9596  TestAUC: 0.9456  TestAUPR: 0.6331  (patience 3824/100)
2026-06-08 18:46:27,313 - INFO - Epoch 4200  Loss: 0.0532  TrainAUC: 0.9991  ValAUC: 0.9635  TestAUC: 0.9418  TestAUPR: 0.6362  (patience 3874/100)
2026-06-08 18:47:28,172 - INFO - Epoch 4250  Loss: 0.0544  TrainAUC: 0.9992  ValAUC: 0.9547  TestAUC: 0.9416  TestAUPR: 0.6461  (patience 3924/100)
2026-06-08 18:48:25,229 - INFO - Epoch 4300  Loss: 0.0483  TrainAUC: 0.9993  ValAUC: 0.9564  TestAUC: 0.9425  TestAUPR: 0.6296  (patience 3974/100)
2026-06-08 18:49:23,518 - INFO - Epoch 4350  Loss: 0.0547  TrainAUC: 0.9992  ValAUC: 0.9591  TestAUC: 0.9421  TestAUPR: 0.6342  (patience 4024/100)
2026-06-08 18:50:22,682 - INFO - Epoch 4400  Loss: 0.0471  TrainAUC: 0.9993  ValAUC: 0.9605  TestAUC: 0.9445  TestAUPR: 0.6397  (patience 4074/100)
2026-06-08 18:51:31,946 - INFO - Epoch 4450  Loss: 0.0506  TrainAUC: 0.9992  ValAUC: 0.9573  TestAUC: 0.9417  TestAUPR: 0.6373  (patience 4124/100)
2026-06-08 18:52:31,963 - INFO - Epoch 4500  Loss: 0.0454  TrainAUC: 0.9994  ValAUC: 0.9605  TestAUC: 0.9444  TestAUPR: 0.6306  (patience 4174/100)
2026-06-08 18:53:32,182 - INFO - Epoch 4550  Loss: 0.0501  TrainAUC: 0.9993  ValAUC: 0.9518  TestAUC: 0.9413  TestAUPR: 0.6378  (patience 4224/100)
2026-06-08 18:54:29,739 - INFO - Epoch 4600  Loss: 0.0514  TrainAUC: 0.9992  ValAUC: 0.9549  TestAUC: 0.9419  TestAUPR: 0.6472  (patience 4274/100)
2026-06-08 18:55:31,524 - INFO - Epoch 4650  Loss: 0.0472  TrainAUC: 0.9993  ValAUC: 0.9562  TestAUC: 0.9412  TestAUPR: 0.6402  (patience 4324/100)
2026-06-08 18:56:36,212 - INFO - Epoch 4700  Loss: 0.0494  TrainAUC: 0.9993  ValAUC: 0.9577  TestAUC: 0.9403  TestAUPR: 0.6386  (patience 4374/100)
2026-06-08 18:57:37,404 - INFO - Epoch 4750  Loss: 0.0465  TrainAUC: 0.9993  ValAUC: 0.9570  TestAUC: 0.9386  TestAUPR: 0.6316  (patience 4424/100)
2026-06-08 18:58:38,261 - INFO - Epoch 4800  Loss: 0.0550  TrainAUC: 0.9992  ValAUC: 0.9590  TestAUC: 0.9429  TestAUPR: 0.6413  (patience 4474/100)
2026-06-08 18:59:38,932 - INFO - Epoch 4850  Loss: 0.0445  TrainAUC: 0.9994  ValAUC: 0.9566  TestAUC: 0.9418  TestAUPR: 0.6284  (patience 4524/100)
2026-06-08 19:00:42,062 - INFO - Epoch 4900  Loss: 0.0613  TrainAUC: 0.9992  ValAUC: 0.9606  TestAUC: 0.9414  TestAUPR: 0.6420  (patience 4574/100)
2026-06-08 19:01:43,769 - INFO - Epoch 4950  Loss: 0.0489  TrainAUC: 0.9993  ValAUC: 0.9533  TestAUC: 0.9413  TestAUPR: 0.6437  (patience 4624/100)
2026-06-08 19:02:42,786 - INFO - Epoch 5000  Loss: 0.0498  TrainAUC: 0.9993  ValAUC: 0.9538  TestAUC: 0.9416  TestAUPR: 0.6515  (patience 4674/100)
2026-06-08 19:02:45,205 - INFO - Fold 5 FINAL  AUC: 0.9505  AUPR: 0.4695
2026-06-08 19:34:22,495 - INFO - Namespace(device_id=None, dataset='Cdataset', BERT_emb=False, LLM_emb=False, saved_path='../result\\GAT\\Cdataset_graph_ae_ChemBERTa_5000_0.4_128\\0', seed=0, nfold=5, epoch=5000, learning_rate=0.01, weight_decay=0, patience=100, feature_type='ChemBERTa', concatenate_type='graph_ae', hidden_feats=128, dropout=0.4, num_heads=2, clip_grad=1.0, leak_safe_mode=False, drug_in_feats=768, disease_in_feats=768, exp_name='GAT', dr_fingerprint=False, dis_prot_assoc=True)
2026-06-08 19:34:22,496 - INFO - 
======================================================================
2026-06-08 19:34:22,496 - INFO - GAT MODEL — Drug-Disease Association Prediction
2026-06-08 19:34:22,496 - INFO - ======================================================================
2026-06-08 19:34:22,497 - INFO - 
[LEAKAGE WARNING] Similarity matrices (dr_sim, di_sim) are computed
over ALL nodes before the train/test split.  When these matrices are
derived from the DDA label matrix (Gaussian/Jaccard kernel), test
association information leaks into graph construction.
Set --leak_safe_mode to True to recompute per-fold (slower).
For chemical/sequence similarities (Morgan, ChemBERTa, BERT) this
risk is lower because they are label-independent.

2026-06-08 19:34:22,497 - INFO - Training on CPU
2026-06-08 19:34:23,198 - INFO - 
------------------------------------------------------------
2026-06-08 19:34:23,199 - INFO - 5-Fold CV  |  Fold 1
2026-06-08 19:34:23,199 - INFO - ------------------------------------------------------------
2026-06-08 19:34:23,784 - INFO - Graph: Graph(num_nodes={'disease': 409, 'drug': 663},
      num_edges={('disease', 'di_di', 'disease'): 6507, ('disease', 'di_dr', 'drug'): 2532, ('drug', 'dr_di', 'disease'): 2532, ('drug', 'dr_dr', 'drug'): 10582},
      metagraph=[('disease', 'disease', 'di_di'), ('disease', 'drug', 'di_dr'), ('drug', 'disease', 'dr_di'), ('drug', 'drug', 'dr_dr')])
2026-06-08 19:34:24,059 - INFO - Train pairs: 195239  |  Val pairs: 21694  |  Test pairs: 54234
2026-06-08 19:34:24,089 - INFO - Model parameters: 905,987
2026-06-08 19:34:27,693 - INFO - BCE pos_weight: 106.127
2026-06-08 19:35:38,444 - INFO - Epoch   50  Loss: 1.1083  TrainAUC: 0.8016  ValAUC: 0.8176  TestAUC: 0.7989  TestAUPR: 0.0669  (patience 2/100)
2026-06-08 19:36:46,419 - INFO - Epoch  100  Loss: 0.7138  TrainAUC: 0.9210  ValAUC: 0.9388  TestAUC: 0.9054  TestAUPR: 0.2262  (patience 5/100)
2026-06-08 19:37:52,408 - INFO - Epoch  150  Loss: 0.5023  TrainAUC: 0.9601  ValAUC: 0.9588  TestAUC: 0.9161  TestAUPR: 0.2612  (patience 8/100)
2026-06-08 19:38:57,068 - INFO - Epoch  200  Loss: 0.3485  TrainAUC: 0.9795  ValAUC: 0.9771  TestAUC: 0.9371  TestAUPR: 0.3577  (patience 3/100)
2026-06-08 19:40:08,976 - INFO - Epoch  250  Loss: 0.2996  TrainAUC: 0.9845  ValAUC: 0.9804  TestAUC: 0.9431  TestAUPR: 0.4016  (patience 15/100)
2026-06-08 19:41:21,546 - INFO - Epoch  300  Loss: 0.2697  TrainAUC: 0.9876  ValAUC: 0.9834  TestAUC: 0.9416  TestAUPR: 0.4270  (patience 11/100)
2026-06-08 19:42:31,092 - INFO - Epoch  350  Loss: 0.2473  TrainAUC: 0.9890  ValAUC: 0.9824  TestAUC: 0.9413  TestAUPR: 0.4551  (patience 49/100)
2026-06-08 19:43:36,175 - INFO - Epoch  400  Loss: 0.2039  TrainAUC: 0.9921  ValAUC: 0.9850  TestAUC: 0.9462  TestAUPR: 0.4832  (patience 27/100)
2026-06-08 19:44:54,158 - INFO - Epoch  450  Loss: 0.1819  TrainAUC: 0.9932  ValAUC: 0.9853  TestAUC: 0.9450  TestAUPR: 0.4888  (patience 77/100)
2026-06-08 19:45:59,895 - INFO - Epoch  500  Loss: 0.1800  TrainAUC: 0.9935  ValAUC: 0.9846  TestAUC: 0.9460  TestAUPR: 0.5106  (patience 127/100)
2026-06-08 19:47:05,018 - INFO - Epoch  550  Loss: 0.1784  TrainAUC: 0.9935  ValAUC: 0.9827  TestAUC: 0.9440  TestAUPR: 0.5028  (patience 177/100)
2026-06-08 19:48:11,325 - INFO - Epoch  600  Loss: 0.1535  TrainAUC: 0.9949  ValAUC: 0.9821  TestAUC: 0.9459  TestAUPR: 0.5170  (patience 227/100)
2026-06-08 19:49:16,363 - INFO - Epoch  650  Loss: 0.1621  TrainAUC: 0.9945  ValAUC: 0.9827  TestAUC: 0.9452  TestAUPR: 0.5260  (patience 277/100)
2026-06-08 19:50:24,321 - INFO - Epoch  700  Loss: 0.1486  TrainAUC: 0.9953  ValAUC: 0.9828  TestAUC: 0.9448  TestAUPR: 0.5299  (patience 327/100)
2026-06-08 19:51:28,952 - INFO - Epoch  750  Loss: 0.1452  TrainAUC: 0.9955  ValAUC: 0.9818  TestAUC: 0.9444  TestAUPR: 0.5341  (patience 377/100)
2026-06-08 19:52:32,252 - INFO - Epoch  800  Loss: 0.1422  TrainAUC: 0.9959  ValAUC: 0.9802  TestAUC: 0.9456  TestAUPR: 0.5504  (patience 427/100)
2026-06-08 19:53:39,934 - INFO - Epoch  850  Loss: 0.1319  TrainAUC: 0.9965  ValAUC: 0.9787  TestAUC: 0.9465  TestAUPR: 0.5414  (patience 477/100)
2026-06-08 19:54:48,433 - INFO - Epoch  900  Loss: 0.1293  TrainAUC: 0.9962  ValAUC: 0.9757  TestAUC: 0.9454  TestAUPR: 0.5547  (patience 527/100)
2026-06-08 19:55:51,889 - INFO - Epoch  950  Loss: 0.1155  TrainAUC: 0.9968  ValAUC: 0.9793  TestAUC: 0.9476  TestAUPR: 0.5574  (patience 577/100)
2026-06-08 19:56:57,983 - INFO - Epoch 1000  Loss: 0.1173  TrainAUC: 0.9968  ValAUC: 0.9780  TestAUC: 0.9471  TestAUPR: 0.5558  (patience 627/100)
2026-06-08 19:58:10,050 - INFO - Epoch 1050  Loss: 0.1404  TrainAUC: 0.9964  ValAUC: 0.9766  TestAUC: 0.9463  TestAUPR: 0.5644  (patience 677/100)
2026-06-08 19:59:19,428 - INFO - Epoch 1100  Loss: 0.1166  TrainAUC: 0.9968  ValAUC: 0.9744  TestAUC: 0.9477  TestAUPR: 0.5624  (patience 727/100)
2026-06-08 20:00:25,893 - INFO - Epoch 1150  Loss: 0.1136  TrainAUC: 0.9970  ValAUC: 0.9767  TestAUC: 0.9457  TestAUPR: 0.5672  (patience 777/100)
2026-06-08 20:01:45,305 - INFO - Epoch 1200  Loss: 0.1204  TrainAUC: 0.9969  ValAUC: 0.9762  TestAUC: 0.9465  TestAUPR: 0.5677  (patience 827/100)
2026-06-08 20:02:54,189 - INFO - Epoch 1250  Loss: 0.1021  TrainAUC: 0.9974  ValAUC: 0.9739  TestAUC: 0.9467  TestAUPR: 0.5706  (patience 877/100)
2026-06-08 20:04:02,936 - INFO - Epoch 1300  Loss: 0.1033  TrainAUC: 0.9975  ValAUC: 0.9748  TestAUC: 0.9456  TestAUPR: 0.5732  (patience 927/100)
2026-06-08 20:05:10,648 - INFO - Epoch 1350  Loss: 0.0873  TrainAUC: 0.9980  ValAUC: 0.9684  TestAUC: 0.9429  TestAUPR: 0.5745  (patience 977/100)
2026-06-08 20:06:17,328 - INFO - Epoch 1400  Loss: 0.0913  TrainAUC: 0.9978  ValAUC: 0.9740  TestAUC: 0.9444  TestAUPR: 0.5820  (patience 1027/100)
2026-06-08 20:07:29,844 - INFO - Epoch 1450  Loss: 0.0991  TrainAUC: 0.9976  ValAUC: 0.9743  TestAUC: 0.9449  TestAUPR: 0.5790  (patience 1077/100)
2026-06-08 20:08:34,776 - INFO - Epoch 1500  Loss: 0.0992  TrainAUC: 0.9976  ValAUC: 0.9732  TestAUC: 0.9443  TestAUPR: 0.5825  (patience 1127/100)
2026-06-08 20:09:45,924 - INFO - Epoch 1550  Loss: 0.0944  TrainAUC: 0.9980  ValAUC: 0.9716  TestAUC: 0.9461  TestAUPR: 0.5864  (patience 1177/100)
2026-06-08 20:11:06,549 - INFO - Epoch 1600  Loss: 0.0917  TrainAUC: 0.9979  ValAUC: 0.9693  TestAUC: 0.9454  TestAUPR: 0.5891  (patience 1227/100)
2026-06-08 20:12:20,420 - INFO - Epoch 1650  Loss: 0.0957  TrainAUC: 0.9980  ValAUC: 0.9656  TestAUC: 0.9457  TestAUPR: 0.5869  (patience 1277/100)
2026-06-08 20:13:30,961 - INFO - Epoch 1700  Loss: 0.0851  TrainAUC: 0.9982  ValAUC: 0.9695  TestAUC: 0.9440  TestAUPR: 0.5726  (patience 1327/100)
2026-06-08 20:14:39,874 - INFO - Epoch 1750  Loss: 0.0892  TrainAUC: 0.9980  ValAUC: 0.9705  TestAUC: 0.9466  TestAUPR: 0.5857  (patience 1377/100)
2026-06-08 20:15:49,054 - INFO - Epoch 1800  Loss: 0.0930  TrainAUC: 0.9980  ValAUC: 0.9708  TestAUC: 0.9459  TestAUPR: 0.5899  (patience 1427/100)
2026-06-08 20:16:51,503 - INFO - Epoch 1850  Loss: 0.0869  TrainAUC: 0.9983  ValAUC: 0.9682  TestAUC: 0.9456  TestAUPR: 0.5835  (patience 1477/100)
2026-06-08 20:18:01,356 - INFO - Epoch 1900  Loss: 0.0772  TrainAUC: 0.9984  ValAUC: 0.9657  TestAUC: 0.9462  TestAUPR: 0.5938  (patience 1527/100)
2026-06-08 20:19:13,992 - INFO - Epoch 1950  Loss: 0.0766  TrainAUC: 0.9984  ValAUC: 0.9667  TestAUC: 0.9461  TestAUPR: 0.5940  (patience 1577/100)
2026-06-08 20:20:20,351 - INFO - Epoch 2000  Loss: 0.0736  TrainAUC: 0.9985  ValAUC: 0.9668  TestAUC: 0.9467  TestAUPR: 0.5921  (patience 1627/100)
2026-06-08 20:21:17,856 - INFO - Epoch 2050  Loss: 0.0766  TrainAUC: 0.9985  ValAUC: 0.9676  TestAUC: 0.9465  TestAUPR: 0.5884  (patience 1677/100)
2026-06-08 20:22:13,883 - INFO - Epoch 2100  Loss: 0.0811  TrainAUC: 0.9983  ValAUC: 0.9638  TestAUC: 0.9418  TestAUPR: 0.5932  (patience 1727/100)
2026-06-08 20:23:12,799 - INFO - Epoch 2150  Loss: 0.0773  TrainAUC: 0.9985  ValAUC: 0.9662  TestAUC: 0.9440  TestAUPR: 0.5878  (patience 1777/100)
2026-06-08 20:24:16,515 - INFO - Epoch 2200  Loss: 0.0819  TrainAUC: 0.9984  ValAUC: 0.9684  TestAUC: 0.9448  TestAUPR: 0.6050  (patience 1827/100)
2026-06-08 20:25:15,886 - INFO - Epoch 2250  Loss: 0.0803  TrainAUC: 0.9986  ValAUC: 0.9690  TestAUC: 0.9445  TestAUPR: 0.5971  (patience 1877/100)
2026-06-08 20:26:41,943 - INFO - Epoch 2300  Loss: 0.0698  TrainAUC: 0.9987  ValAUC: 0.9650  TestAUC: 0.9439  TestAUPR: 0.5985  (patience 1927/100)
2026-06-08 20:28:19,927 - INFO - Epoch 2350  Loss: 0.0720  TrainAUC: 0.9986  ValAUC: 0.9663  TestAUC: 0.9429  TestAUPR: 0.5992  (patience 1977/100)
2026-06-08 20:29:23,715 - INFO - Epoch 2400  Loss: 0.0716  TrainAUC: 0.9986  ValAUC: 0.9676  TestAUC: 0.9443  TestAUPR: 0.6039  (patience 2027/100)
2026-06-08 20:30:27,359 - INFO - Epoch 2450  Loss: 0.0671  TrainAUC: 0.9988  ValAUC: 0.9662  TestAUC: 0.9443  TestAUPR: 0.5943  (patience 2077/100)
2026-06-08 20:31:33,865 - INFO - Epoch 2500  Loss: 0.0667  TrainAUC: 0.9987  ValAUC: 0.9654  TestAUC: 0.9441  TestAUPR: 0.5988  (patience 2127/100)
2026-06-08 20:32:42,384 - INFO - Epoch 2550  Loss: 0.0637  TrainAUC: 0.9988  ValAUC: 0.9645  TestAUC: 0.9453  TestAUPR: 0.6015  (patience 2177/100)
2026-06-08 20:33:49,493 - INFO - Epoch 2600  Loss: 0.0648  TrainAUC: 0.9988  ValAUC: 0.9614  TestAUC: 0.9434  TestAUPR: 0.6007  (patience 2227/100)
2026-06-08 20:34:48,745 - INFO - Epoch 2650  Loss: 0.0643  TrainAUC: 0.9989  ValAUC: 0.9660  TestAUC: 0.9447  TestAUPR: 0.6050  (patience 2277/100)
2026-06-08 20:35:48,953 - INFO - Epoch 2700  Loss: 0.0646  TrainAUC: 0.9989  ValAUC: 0.9635  TestAUC: 0.9439  TestAUPR: 0.5912  (patience 2327/100)
2026-06-08 20:37:06,619 - INFO - Epoch 2750  Loss: 0.0687  TrainAUC: 0.9988  ValAUC: 0.9645  TestAUC: 0.9428  TestAUPR: 0.6071  (patience 2377/100)
2026-06-08 20:38:06,251 - INFO - Epoch 2800  Loss: 0.0629  TrainAUC: 0.9989  ValAUC: 0.9628  TestAUC: 0.9443  TestAUPR: 0.6203  (patience 2427/100)
2026-06-08 20:39:07,517 - INFO - Epoch 2850  Loss: 0.0599  TrainAUC: 0.9989  ValAUC: 0.9626  TestAUC: 0.9424  TestAUPR: 0.5946  (patience 2477/100)
2026-06-08 20:40:06,167 - INFO - Epoch 2900  Loss: 0.0600  TrainAUC: 0.9988  ValAUC: 0.9579  TestAUC: 0.9411  TestAUPR: 0.6111  (patience 2527/100)
2026-06-08 20:41:09,163 - INFO - Epoch 2950  Loss: 0.0660  TrainAUC: 0.9989  ValAUC: 0.9644  TestAUC: 0.9446  TestAUPR: 0.6067  (patience 2577/100)
2026-06-08 20:42:11,028 - INFO - Epoch 3000  Loss: 0.0585  TrainAUC: 0.9989  ValAUC: 0.9609  TestAUC: 0.9417  TestAUPR: 0.6128  (patience 2627/100)
2026-06-08 20:43:09,957 - INFO - Epoch 3050  Loss: 0.0585  TrainAUC: 0.9990  ValAUC: 0.9596  TestAUC: 0.9459  TestAUPR: 0.6085  (patience 2677/100)
2026-06-08 20:44:08,635 - INFO - Epoch 3100  Loss: 0.0636  TrainAUC: 0.9989  ValAUC: 0.9597  TestAUC: 0.9430  TestAUPR: 0.6006  (patience 2727/100)
2026-06-08 20:45:08,688 - INFO - Epoch 3150  Loss: 0.0507  TrainAUC: 0.9992  ValAUC: 0.9635  TestAUC: 0.9422  TestAUPR: 0.6110  (patience 2777/100)
2026-06-08 20:46:05,777 - INFO - Epoch 3200  Loss: 0.0608  TrainAUC: 0.9990  ValAUC: 0.9597  TestAUC: 0.9413  TestAUPR: 0.6133  (patience 2827/100)
2026-06-08 20:47:03,076 - INFO - Epoch 3250  Loss: 0.0707  TrainAUC: 0.9990  ValAUC: 0.9632  TestAUC: 0.9416  TestAUPR: 0.6202  (patience 2877/100)
2026-06-08 20:48:01,520 - INFO - Epoch 3300  Loss: 0.0529  TrainAUC: 0.9991  ValAUC: 0.9593  TestAUC: 0.9417  TestAUPR: 0.6118  (patience 2927/100)
2026-06-08 20:49:00,057 - INFO - Epoch 3350  Loss: 0.0516  TrainAUC: 0.9993  ValAUC: 0.9624  TestAUC: 0.9436  TestAUPR: 0.6147  (patience 2977/100)
2026-06-08 20:49:57,213 - INFO - Epoch 3400  Loss: 0.0548  TrainAUC: 0.9992  ValAUC: 0.9600  TestAUC: 0.9415  TestAUPR: 0.6157  (patience 3027/100)
2026-06-08 20:50:56,912 - INFO - Epoch 3450  Loss: 0.0535  TrainAUC: 0.9992  ValAUC: 0.9583  TestAUC: 0.9421  TestAUPR: 0.6187  (patience 3077/100)
2026-06-08 20:51:58,365 - INFO - Epoch 3500  Loss: 0.0686  TrainAUC: 0.9990  ValAUC: 0.9587  TestAUC: 0.9420  TestAUPR: 0.6137  (patience 3127/100)
2026-06-08 20:53:01,609 - INFO - Epoch 3550  Loss: 0.0569  TrainAUC: 0.9991  ValAUC: 0.9587  TestAUC: 0.9435  TestAUPR: 0.6060  (patience 3177/100)
2026-06-08 20:54:03,465 - INFO - Epoch 3600  Loss: 0.0599  TrainAUC: 0.9991  ValAUC: 0.9576  TestAUC: 0.9401  TestAUPR: 0.6047  (patience 3227/100)
2026-06-08 20:55:05,430 - INFO - Epoch 3650  Loss: 0.0553  TrainAUC: 0.9991  ValAUC: 0.9602  TestAUC: 0.9430  TestAUPR: 0.6021  (patience 3277/100)
2026-06-08 20:56:07,392 - INFO - Epoch 3700  Loss: 0.0527  TrainAUC: 0.9992  ValAUC: 0.9609  TestAUC: 0.9422  TestAUPR: 0.6122  (patience 3327/100)
2026-06-08 20:57:09,224 - INFO - Epoch 3750  Loss: 0.0547  TrainAUC: 0.9992  ValAUC: 0.9598  TestAUC: 0.9431  TestAUPR: 0.6199  (patience 3377/100)
2026-06-08 20:58:11,214 - INFO - Epoch 3800  Loss: 0.0536  TrainAUC: 0.9991  ValAUC: 0.9583  TestAUC: 0.9428  TestAUPR: 0.6165  (patience 3427/100)
2026-06-08 20:59:26,791 - INFO - Epoch 3850  Loss: 0.0479  TrainAUC: 0.9993  ValAUC: 0.9607  TestAUC: 0.9432  TestAUPR: 0.6160  (patience 3477/100)
2026-06-08 21:00:26,386 - INFO - Epoch 3900  Loss: 0.0529  TrainAUC: 0.9992  ValAUC: 0.9588  TestAUC: 0.9430  TestAUPR: 0.6236  (patience 3527/100)
2026-06-08 21:01:30,434 - INFO - Epoch 3950  Loss: 0.0569  TrainAUC: 0.9992  ValAUC: 0.9604  TestAUC: 0.9417  TestAUPR: 0.6165  (patience 3577/100)
2026-06-08 21:02:37,147 - INFO - Epoch 4000  Loss: 0.0520  TrainAUC: 0.9993  ValAUC: 0.9588  TestAUC: 0.9433  TestAUPR: 0.6201  (patience 3627/100)
2026-06-08 21:03:41,989 - INFO - Epoch 4050  Loss: 0.0498  TrainAUC: 0.9993  ValAUC: 0.9592  TestAUC: 0.9396  TestAUPR: 0.6097  (patience 3677/100)
2026-06-08 21:04:46,523 - INFO - Epoch 4100  Loss: 0.0480  TrainAUC: 0.9993  ValAUC: 0.9589  TestAUC: 0.9412  TestAUPR: 0.6111  (patience 3727/100)
2026-06-08 21:05:51,542 - INFO - Epoch 4150  Loss: 0.0541  TrainAUC: 0.9992  ValAUC: 0.9611  TestAUC: 0.9412  TestAUPR: 0.6124  (patience 3777/100)
2026-06-08 21:06:53,992 - INFO - Epoch 4200  Loss: 0.0474  TrainAUC: 0.9993  ValAUC: 0.9598  TestAUC: 0.9432  TestAUPR: 0.6194  (patience 3827/100)
2026-06-08 21:08:13,715 - INFO - Epoch 4250  Loss: 0.0518  TrainAUC: 0.9992  ValAUC: 0.9552  TestAUC: 0.9404  TestAUPR: 0.6176  (patience 3877/100)
2026-06-08 21:09:19,311 - INFO - Epoch 4300  Loss: 0.0444  TrainAUC: 0.9994  ValAUC: 0.9568  TestAUC: 0.9424  TestAUPR: 0.6148  (patience 3927/100)
2026-06-08 21:10:22,037 - INFO - Epoch 4350  Loss: 0.0423  TrainAUC: 0.9994  ValAUC: 0.9541  TestAUC: 0.9427  TestAUPR: 0.6207  (patience 3977/100)
2026-06-08 21:11:27,385 - INFO - Epoch 4400  Loss: 0.0581  TrainAUC: 0.9991  ValAUC: 0.9585  TestAUC: 0.9440  TestAUPR: 0.6139  (patience 4027/100)
2026-06-08 21:12:31,122 - INFO - Epoch 4450  Loss: 0.0502  TrainAUC: 0.9993  ValAUC: 0.9586  TestAUC: 0.9449  TestAUPR: 0.6270  (patience 4077/100)
2026-06-08 21:13:37,183 - INFO - Epoch 4500  Loss: 0.0482  TrainAUC: 0.9993  ValAUC: 0.9537  TestAUC: 0.9422  TestAUPR: 0.6180  (patience 4127/100)
2026-06-08 21:14:44,084 - INFO - Epoch 4550  Loss: 0.0473  TrainAUC: 0.9993  ValAUC: 0.9543  TestAUC: 0.9417  TestAUPR: 0.6151  (patience 4177/100)
2026-06-08 21:15:49,675 - INFO - Epoch 4600  Loss: 0.0445  TrainAUC: 0.9994  ValAUC: 0.9575  TestAUC: 0.9408  TestAUPR: 0.6231  (patience 4227/100)
2026-06-08 21:16:53,876 - INFO - Epoch 4650  Loss: 0.0521  TrainAUC: 0.9992  ValAUC: 0.9527  TestAUC: 0.9401  TestAUPR: 0.6107  (patience 4277/100)
2026-06-08 21:18:28,445 - INFO - Epoch 4700  Loss: 0.0512  TrainAUC: 0.9993  ValAUC: 0.9570  TestAUC: 0.9428  TestAUPR: 0.6161  (patience 4327/100)
2026-06-08 21:19:36,563 - INFO - Epoch 4750  Loss: 0.0390  TrainAUC: 0.9994  ValAUC: 0.9535  TestAUC: 0.9442  TestAUPR: 0.6182  (patience 4377/100)
2026-06-08 21:20:41,629 - INFO - Epoch 4800  Loss: 0.0445  TrainAUC: 0.9994  ValAUC: 0.9573  TestAUC: 0.9440  TestAUPR: 0.6163  (patience 4427/100)
2026-06-08 21:21:52,046 - INFO - Epoch 4850  Loss: 0.0398  TrainAUC: 0.9995  ValAUC: 0.9535  TestAUC: 0.9433  TestAUPR: 0.6237  (patience 4477/100)
2026-06-08 21:23:01,511 - INFO - Epoch 4900  Loss: 0.0447  TrainAUC: 0.9994  ValAUC: 0.9556  TestAUC: 0.9427  TestAUPR: 0.6108  (patience 4527/100)
2026-06-08 21:24:10,857 - INFO - Epoch 4950  Loss: 0.0453  TrainAUC: 0.9995  ValAUC: 0.9575  TestAUC: 0.9430  TestAUPR: 0.6217  (patience 4577/100)
2026-06-08 21:25:22,348 - INFO - Epoch 5000  Loss: 0.0493  TrainAUC: 0.9994  ValAUC: 0.9533  TestAUC: 0.9408  TestAUPR: 0.6115  (patience 4627/100)
2026-06-08 21:25:25,991 - INFO - Fold 1 FINAL  AUC: 0.9442  AUPR: 0.4678
2026-06-08 21:25:26,045 - INFO - 
------------------------------------------------------------
2026-06-08 21:25:26,048 - INFO - 5-Fold CV  |  Fold 2
2026-06-08 21:25:26,048 - INFO - ------------------------------------------------------------
2026-06-08 21:25:27,130 - INFO - Graph: Graph(num_nodes={'disease': 409, 'drug': 663},
      num_edges={('disease', 'di_di', 'disease'): 6507, ('disease', 'di_dr', 'drug'): 2532, ('drug', 'dr_di', 'disease'): 2532, ('drug', 'dr_dr', 'drug'): 10582},
      metagraph=[('disease', 'disease', 'di_di'), ('disease', 'drug', 'di_dr'), ('drug', 'disease', 'dr_di'), ('drug', 'drug', 'dr_dr')])
2026-06-08 21:25:27,452 - INFO - Train pairs: 195239  |  Val pairs: 21694  |  Test pairs: 54234
2026-06-08 21:25:27,518 - INFO - Model parameters: 905,987
2026-06-08 21:25:27,527 - INFO - BCE pos_weight: 106.127
2026-06-08 21:26:47,956 - INFO - Epoch   50  Loss: 0.8352  TrainAUC: 0.8906  ValAUC: 0.9207  TestAUC: 0.8620  TestAUPR: 0.1499  (patience 0/100)
2026-06-08 21:27:57,864 - INFO - Epoch  100  Loss: 0.6317  TrainAUC: 0.9483  ValAUC: 0.9536  TestAUC: 0.8985  TestAUPR: 0.1944  (patience 5/100)
2026-06-08 21:29:05,429 - INFO - Epoch  150  Loss: 0.3895  TrainAUC: 0.9767  ValAUC: 0.9726  TestAUC: 0.9201  TestAUPR: 0.3161  (patience 19/100)
2026-06-08 21:30:17,217 - INFO - Epoch  200  Loss: 0.3181  TrainAUC: 0.9825  ValAUC: 0.9779  TestAUC: 0.9313  TestAUPR: 0.3531  (patience 4/100)
2026-06-08 21:31:25,781 - INFO - Epoch  250  Loss: 0.2692  TrainAUC: 0.9873  ValAUC: 0.9791  TestAUC: 0.9329  TestAUPR: 0.3950  (patience 34/100)
2026-06-08 21:32:33,723 - INFO - Epoch  300  Loss: 0.2705  TrainAUC: 0.9890  ValAUC: 0.9777  TestAUC: 0.9342  TestAUPR: 0.4109  (patience 84/100)
2026-06-08 21:33:39,817 - INFO - Epoch  350  Loss: 0.2251  TrainAUC: 0.9906  ValAUC: 0.9789  TestAUC: 0.9392  TestAUPR: 0.4342  (patience 32/100)
2026-06-08 21:34:56,299 - INFO - Epoch  400  Loss: 0.1953  TrainAUC: 0.9926  ValAUC: 0.9791  TestAUC: 0.9395  TestAUPR: 0.4526  (patience 82/100)
2026-06-08 21:36:05,074 - INFO - Epoch  450  Loss: 0.1775  TrainAUC: 0.9935  ValAUC: 0.9783  TestAUC: 0.9378  TestAUPR: 0.4647  (patience 132/100)
2026-06-08 21:37:20,235 - INFO - Epoch  500  Loss: 0.1930  TrainAUC: 0.9931  ValAUC: 0.9775  TestAUC: 0.9407  TestAUPR: 0.4830  (patience 182/100)
2026-06-08 21:38:37,799 - INFO - Epoch  550  Loss: 0.1724  TrainAUC: 0.9945  ValAUC: 0.9784  TestAUC: 0.9368  TestAUPR: 0.4912  (patience 232/100)
2026-06-08 21:39:48,019 - INFO - Epoch  600  Loss: 0.1615  TrainAUC: 0.9945  ValAUC: 0.9776  TestAUC: 0.9372  TestAUPR: 0.4911  (patience 282/100)
2026-06-08 21:40:51,273 - INFO - Epoch  650  Loss: 0.1577  TrainAUC: 0.9949  ValAUC: 0.9754  TestAUC: 0.9369  TestAUPR: 0.4959  (patience 332/100)
2026-06-08 21:42:02,000 - INFO - Epoch  700  Loss: 0.1470  TrainAUC: 0.9953  ValAUC: 0.9750  TestAUC: 0.9398  TestAUPR: 0.4991  (patience 382/100)
2026-06-08 21:43:08,641 - INFO - Epoch  750  Loss: 0.1365  TrainAUC: 0.9958  ValAUC: 0.9737  TestAUC: 0.9380  TestAUPR: 0.5238  (patience 432/100)
2026-06-08 21:44:24,283 - INFO - Epoch  800  Loss: 0.1293  TrainAUC: 0.9963  ValAUC: 0.9726  TestAUC: 0.9388  TestAUPR: 0.5267  (patience 482/100)
2026-06-08 21:45:33,081 - INFO - Epoch  850  Loss: 0.1313  TrainAUC: 0.9962  ValAUC: 0.9720  TestAUC: 0.9382  TestAUPR: 0.5174  (patience 532/100)
2026-06-08 21:46:39,087 - INFO - Epoch  900  Loss: 0.1302  TrainAUC: 0.9962  ValAUC: 0.9715  TestAUC: 0.9397  TestAUPR: 0.5218  (patience 582/100)
2026-06-08 21:47:50,065 - INFO - Epoch  950  Loss: 0.1381  TrainAUC: 0.9959  ValAUC: 0.9687  TestAUC: 0.9385  TestAUPR: 0.5338  (patience 632/100)
2026-06-08 21:48:59,176 - INFO - Epoch 1000  Loss: 0.1160  TrainAUC: 0.9969  ValAUC: 0.9704  TestAUC: 0.9400  TestAUPR: 0.5402  (patience 682/100)
2026-06-08 21:50:06,529 - INFO - Epoch 1050  Loss: 0.1225  TrainAUC: 0.9966  ValAUC: 0.9704  TestAUC: 0.9391  TestAUPR: 0.5318  (patience 732/100)
2026-06-08 21:51:15,726 - INFO - Epoch 1100  Loss: 0.1190  TrainAUC: 0.9968  ValAUC: 0.9707  TestAUC: 0.9370  TestAUPR: 0.5318  (patience 782/100)
2026-06-08 21:52:25,187 - INFO - Epoch 1150  Loss: 0.1162  TrainAUC: 0.9970  ValAUC: 0.9686  TestAUC: 0.9398  TestAUPR: 0.5454  (patience 832/100)
2026-06-08 21:53:37,198 - INFO - Epoch 1200  Loss: 0.1104  TrainAUC: 0.9972  ValAUC: 0.9667  TestAUC: 0.9382  TestAUPR: 0.5397  (patience 882/100)
2026-06-08 21:55:08,481 - INFO - Epoch 1250  Loss: 0.1025  TrainAUC: 0.9974  ValAUC: 0.9658  TestAUC: 0.9390  TestAUPR: 0.5679  (patience 932/100)
2026-06-08 21:56:15,581 - INFO - Epoch 1300  Loss: 0.1072  TrainAUC: 0.9973  ValAUC: 0.9688  TestAUC: 0.9382  TestAUPR: 0.5533  (patience 982/100)
2026-06-08 21:57:19,524 - INFO - Epoch 1350  Loss: 0.1084  TrainAUC: 0.9972  ValAUC: 0.9654  TestAUC: 0.9360  TestAUPR: 0.5749  (patience 1032/100)
2026-06-08 21:58:26,600 - INFO - Epoch 1400  Loss: 0.1046  TrainAUC: 0.9975  ValAUC: 0.9679  TestAUC: 0.9388  TestAUPR: 0.5647  (patience 1082/100)
2026-06-08 21:59:34,947 - INFO - Epoch 1450  Loss: 0.0908  TrainAUC: 0.9980  ValAUC: 0.9669  TestAUC: 0.9381  TestAUPR: 0.5572  (patience 1132/100)
2026-06-08 22:00:47,611 - INFO - Epoch 1500  Loss: 0.0998  TrainAUC: 0.9976  ValAUC: 0.9657  TestAUC: 0.9361  TestAUPR: 0.5775  (patience 1182/100)
2026-06-08 22:01:56,784 - INFO - Epoch 1550  Loss: 0.0951  TrainAUC: 0.9976  ValAUC: 0.9677  TestAUC: 0.9373  TestAUPR: 0.5753  (patience 1232/100)
2026-06-08 22:03:06,407 - INFO - Epoch 1600  Loss: 0.0943  TrainAUC: 0.9978  ValAUC: 0.9648  TestAUC: 0.9371  TestAUPR: 0.5658  (patience 1282/100)
2026-06-08 22:04:29,826 - INFO - Epoch 1650  Loss: 0.0893  TrainAUC: 0.9980  ValAUC: 0.9635  TestAUC: 0.9379  TestAUPR: 0.5774  (patience 1332/100)
2026-06-08 22:05:39,382 - INFO - Epoch 1700  Loss: 0.1003  TrainAUC: 0.9978  ValAUC: 0.9638  TestAUC: 0.9377  TestAUPR: 0.5846  (patience 1382/100)
2026-06-08 22:06:45,180 - INFO - Epoch 1750  Loss: 0.0882  TrainAUC: 0.9980  ValAUC: 0.9624  TestAUC: 0.9364  TestAUPR: 0.5723  (patience 1432/100)
2026-06-08 22:07:53,049 - INFO - Epoch 1800  Loss: 0.0921  TrainAUC: 0.9979  ValAUC: 0.9611  TestAUC: 0.9364  TestAUPR: 0.5629  (patience 1482/100)
2026-06-08 22:09:03,627 - INFO - Epoch 1850  Loss: 0.0962  TrainAUC: 0.9979  ValAUC: 0.9615  TestAUC: 0.9387  TestAUPR: 0.5865  (patience 1532/100)
2026-06-08 22:10:11,054 - INFO - Epoch 1900  Loss: 0.1032  TrainAUC: 0.9976  ValAUC: 0.9609  TestAUC: 0.9369  TestAUPR: 0.5636  (patience 1582/100)
2026-06-08 22:11:15,440 - INFO - Epoch 1950  Loss: 0.0854  TrainAUC: 0.9981  ValAUC: 0.9651  TestAUC: 0.9359  TestAUPR: 0.5610  (patience 1632/100)
2026-06-08 22:12:20,035 - INFO - Epoch 2000  Loss: 0.0908  TrainAUC: 0.9981  ValAUC: 0.9626  TestAUC: 0.9349  TestAUPR: 0.5878  (patience 1682/100)
2026-06-08 22:13:27,741 - INFO - Epoch 2050  Loss: 0.0797  TrainAUC: 0.9983  ValAUC: 0.9649  TestAUC: 0.9345  TestAUPR: 0.5878  (patience 1732/100)
2026-06-08 22:14:53,140 - INFO - Epoch 2100  Loss: 0.0894  TrainAUC: 0.9982  ValAUC: 0.9584  TestAUC: 0.9351  TestAUPR: 0.5851  (patience 1782/100)
2026-06-08 22:16:17,406 - INFO - Epoch 2150  Loss: 0.0853  TrainAUC: 0.9982  ValAUC: 0.9620  TestAUC: 0.9397  TestAUPR: 0.5878  (patience 1832/100)
2026-06-08 22:17:40,503 - INFO - Epoch 2200  Loss: 0.0837  TrainAUC: 0.9983  ValAUC: 0.9587  TestAUC: 0.9369  TestAUPR: 0.5880  (patience 1882/100)
2026-06-08 22:19:06,097 - INFO - Epoch 2250  Loss: 0.0771  TrainAUC: 0.9985  ValAUC: 0.9558  TestAUC: 0.9351  TestAUPR: 0.6012  (patience 1932/100)
2026-06-08 22:20:29,132 - INFO - Epoch 2300  Loss: 0.0818  TrainAUC: 0.9983  ValAUC: 0.9526  TestAUC: 0.9382  TestAUPR: 0.5714  (patience 1982/100)
2026-06-08 22:21:58,089 - INFO - Epoch 2350  Loss: 0.0790  TrainAUC: 0.9985  ValAUC: 0.9577  TestAUC: 0.9368  TestAUPR: 0.5941  (patience 2032/100)
2026-06-08 22:23:37,561 - INFO - Epoch 2400  Loss: 0.0742  TrainAUC: 0.9986  ValAUC: 0.9591  TestAUC: 0.9372  TestAUPR: 0.5784  (patience 2082/100)
2026-06-08 22:25:08,188 - INFO - Epoch 2450  Loss: 0.0736  TrainAUC: 0.9986  ValAUC: 0.9556  TestAUC: 0.9352  TestAUPR: 0.5880  (patience 2132/100)
2026-06-08 22:26:23,023 - INFO - Epoch 2500  Loss: 0.0753  TrainAUC: 0.9985  ValAUC: 0.9573  TestAUC: 0.9395  TestAUPR: 0.5821  (patience 2182/100)
2026-06-08 22:27:24,818 - INFO - Epoch 2550  Loss: 0.0632  TrainAUC: 0.9989  ValAUC: 0.9551  TestAUC: 0.9344  TestAUPR: 0.6036  (patience 2232/100)
2026-06-08 22:28:26,251 - INFO - Epoch 2600  Loss: 0.0689  TrainAUC: 0.9988  ValAUC: 0.9568  TestAUC: 0.9379  TestAUPR: 0.6006  (patience 2282/100)
2026-06-08 22:29:27,100 - INFO - Epoch 2650  Loss: 0.0707  TrainAUC: 0.9988  ValAUC: 0.9549  TestAUC: 0.9350  TestAUPR: 0.5976  (patience 2332/100)
2026-06-08 22:30:28,010 - INFO - Epoch 2700  Loss: 0.0653  TrainAUC: 0.9988  ValAUC: 0.9577  TestAUC: 0.9357  TestAUPR: 0.6068  (patience 2382/100)
2026-06-08 22:31:28,100 - INFO - Epoch 2750  Loss: 0.0672  TrainAUC: 0.9987  ValAUC: 0.9514  TestAUC: 0.9358  TestAUPR: 0.5996  (patience 2432/100)
2026-06-08 22:32:26,896 - INFO - Epoch 2800  Loss: 0.0709  TrainAUC: 0.9987  ValAUC: 0.9566  TestAUC: 0.9365  TestAUPR: 0.5947  (patience 2482/100)
2026-06-08 22:33:25,940 - INFO - Epoch 2850  Loss: 0.0659  TrainAUC: 0.9989  ValAUC: 0.9584  TestAUC: 0.9362  TestAUPR: 0.5883  (patience 2532/100)
2026-06-08 22:34:24,928 - INFO - Epoch 2900  Loss: 0.0665  TrainAUC: 0.9988  ValAUC: 0.9553  TestAUC: 0.9361  TestAUPR: 0.6045  (patience 2582/100)
2026-06-08 22:35:22,992 - INFO - Epoch 2950  Loss: 0.0608  TrainAUC: 0.9990  ValAUC: 0.9573  TestAUC: 0.9363  TestAUPR: 0.6016  (patience 2632/100)
2026-06-08 22:36:23,144 - INFO - Epoch 3000  Loss: 0.0644  TrainAUC: 0.9988  ValAUC: 0.9565  TestAUC: 0.9376  TestAUPR: 0.6030  (patience 2682/100)
2026-06-08 22:37:23,406 - INFO - Epoch 3050  Loss: 0.0619  TrainAUC: 0.9989  ValAUC: 0.9560  TestAUC: 0.9343  TestAUPR: 0.5984  (patience 2732/100)
2026-06-08 22:38:23,430 - INFO - Epoch 3100  Loss: 0.0719  TrainAUC: 0.9987  ValAUC: 0.9544  TestAUC: 0.9354  TestAUPR: 0.5952  (patience 2782/100)
2026-06-08 22:39:23,452 - INFO - Epoch 3150  Loss: 0.0565  TrainAUC: 0.9991  ValAUC: 0.9524  TestAUC: 0.9359  TestAUPR: 0.5952  (patience 2832/100)
2026-06-08 22:40:23,802 - INFO - Epoch 3200  Loss: 0.0634  TrainAUC: 0.9989  ValAUC: 0.9518  TestAUC: 0.9352  TestAUPR: 0.5945  (patience 2882/100)
2026-06-08 22:41:22,554 - INFO - Epoch 3250  Loss: 0.0565  TrainAUC: 0.9991  ValAUC: 0.9548  TestAUC: 0.9362  TestAUPR: 0.6089  (patience 2932/100)
2026-06-08 22:42:21,207 - INFO - Epoch 3300  Loss: 0.0641  TrainAUC: 0.9990  ValAUC: 0.9491  TestAUC: 0.9347  TestAUPR: 0.6040  (patience 2982/100)
2026-06-08 22:43:20,547 - INFO - Epoch 3350  Loss: 0.0666  TrainAUC: 0.9989  ValAUC: 0.9523  TestAUC: 0.9366  TestAUPR: 0.6082  (patience 3032/100)
2026-06-08 22:44:20,691 - INFO - Epoch 3400  Loss: 0.0655  TrainAUC: 0.9989  ValAUC: 0.9507  TestAUC: 0.9331  TestAUPR: 0.6077  (patience 3082/100)
2026-06-08 22:45:20,432 - INFO - Epoch 3450  Loss: 0.0587  TrainAUC: 0.9990  ValAUC: 0.9484  TestAUC: 0.9327  TestAUPR: 0.6062  (patience 3132/100)
2026-06-08 22:46:20,092 - INFO - Epoch 3500  Loss: 0.0562  TrainAUC: 0.9991  ValAUC: 0.9494  TestAUC: 0.9347  TestAUPR: 0.6068  (patience 3182/100)
2026-06-08 22:47:20,006 - INFO - Epoch 3550  Loss: 0.0659  TrainAUC: 0.9990  ValAUC: 0.9527  TestAUC: 0.9365  TestAUPR: 0.5967  (patience 3232/100)
2026-06-08 22:48:19,444 - INFO - Epoch 3600  Loss: 0.0588  TrainAUC: 0.9991  ValAUC: 0.9481  TestAUC: 0.9336  TestAUPR: 0.6015  (patience 3282/100)
2026-06-08 22:49:18,690 - INFO - Epoch 3650  Loss: 0.0540  TrainAUC: 0.9991  ValAUC: 0.9519  TestAUC: 0.9370  TestAUPR: 0.6011  (patience 3332/100)
2026-06-08 22:50:17,360 - INFO - Epoch 3700  Loss: 0.0558  TrainAUC: 0.9991  ValAUC: 0.9505  TestAUC: 0.9346  TestAUPR: 0.6114  (patience 3382/100)
2026-06-08 22:51:14,948 - INFO - Epoch 3750  Loss: 0.0557  TrainAUC: 0.9991  ValAUC: 0.9511  TestAUC: 0.9343  TestAUPR: 0.6015  (patience 3432/100)
2026-06-08 22:52:12,895 - INFO - Epoch 3800  Loss: 0.0689  TrainAUC: 0.9988  ValAUC: 0.9547  TestAUC: 0.9377  TestAUPR: 0.5925  (patience 3482/100)
2026-06-08 22:53:12,428 - INFO - Epoch 3850  Loss: 0.0548  TrainAUC: 0.9991  ValAUC: 0.9548  TestAUC: 0.9365  TestAUPR: 0.5947  (patience 3532/100)
2026-06-08 22:54:09,744 - INFO - Epoch 3900  Loss: 0.0541  TrainAUC: 0.9992  ValAUC: 0.9539  TestAUC: 0.9364  TestAUPR: 0.6093  (patience 3582/100)
2026-06-08 22:55:08,231 - INFO - Epoch 3950  Loss: 0.0583  TrainAUC: 0.9992  ValAUC: 0.9560  TestAUC: 0.9361  TestAUPR: 0.6118  (patience 3632/100)
2026-06-08 22:56:06,257 - INFO - Epoch 4000  Loss: 0.0533  TrainAUC: 0.9992  ValAUC: 0.9480  TestAUC: 0.9329  TestAUPR: 0.5980  (patience 3682/100)
2026-06-08 22:57:06,110 - INFO - Epoch 4050  Loss: 0.0517  TrainAUC: 0.9992  ValAUC: 0.9477  TestAUC: 0.9341  TestAUPR: 0.6095  (patience 3732/100)
2026-06-08 22:58:04,694 - INFO - Epoch 4100  Loss: 0.0480  TrainAUC: 0.9993  ValAUC: 0.9511  TestAUC: 0.9343  TestAUPR: 0.6044  (patience 3782/100)
2026-06-08 22:59:01,145 - INFO - Epoch 4150  Loss: 0.0531  TrainAUC: 0.9993  ValAUC: 0.9492  TestAUC: 0.9359  TestAUPR: 0.6027  (patience 3832/100)
2026-06-08 22:59:59,228 - INFO - Epoch 4200  Loss: 0.0513  TrainAUC: 0.9993  ValAUC: 0.9520  TestAUC: 0.9375  TestAUPR: 0.6163  (patience 3882/100)
2026-06-08 23:00:58,335 - INFO - Epoch 4250  Loss: 0.0506  TrainAUC: 0.9993  ValAUC: 0.9509  TestAUC: 0.9357  TestAUPR: 0.5964  (patience 3932/100)
2026-06-08 23:01:54,335 - INFO - Epoch 4300  Loss: 0.0510  TrainAUC: 0.9992  ValAUC: 0.9487  TestAUC: 0.9349  TestAUPR: 0.6167  (patience 3982/100)
2026-06-08 23:02:52,728 - INFO - Epoch 4350  Loss: 0.0527  TrainAUC: 0.9992  ValAUC: 0.9483  TestAUC: 0.9338  TestAUPR: 0.6050  (patience 4032/100)
2026-06-08 23:03:47,142 - INFO - Epoch 4400  Loss: 0.0590  TrainAUC: 0.9991  ValAUC: 0.9506  TestAUC: 0.9330  TestAUPR: 0.6087  (patience 4082/100)
2026-06-08 23:04:43,410 - INFO - Epoch 4450  Loss: 0.0468  TrainAUC: 0.9993  ValAUC: 0.9484  TestAUC: 0.9337  TestAUPR: 0.5997  (patience 4132/100)
2026-06-08 23:05:43,152 - INFO - Epoch 4500  Loss: 0.0494  TrainAUC: 0.9993  ValAUC: 0.9484  TestAUC: 0.9329  TestAUPR: 0.6048  (patience 4182/100)
2026-06-08 23:06:41,242 - INFO - Epoch 4550  Loss: 0.0431  TrainAUC: 0.9994  ValAUC: 0.9480  TestAUC: 0.9344  TestAUPR: 0.6070  (patience 4232/100)
2026-06-08 23:07:39,907 - INFO - Epoch 4600  Loss: 0.0487  TrainAUC: 0.9993  ValAUC: 0.9484  TestAUC: 0.9357  TestAUPR: 0.6018  (patience 4282/100)
2026-06-08 23:08:39,314 - INFO - Epoch 4650  Loss: 0.0477  TrainAUC: 0.9993  ValAUC: 0.9483  TestAUC: 0.9349  TestAUPR: 0.6116  (patience 4332/100)
2026-06-08 23:09:37,993 - INFO - Epoch 4700  Loss: 0.0463  TrainAUC: 0.9993  ValAUC: 0.9478  TestAUC: 0.9334  TestAUPR: 0.6071  (patience 4382/100)
2026-06-08 23:10:35,289 - INFO - Epoch 4750  Loss: 0.0484  TrainAUC: 0.9993  ValAUC: 0.9451  TestAUC: 0.9318  TestAUPR: 0.6080  (patience 4432/100)
2026-06-08 23:11:34,444 - INFO - Epoch 4800  Loss: 0.0491  TrainAUC: 0.9993  ValAUC: 0.9502  TestAUC: 0.9340  TestAUPR: 0.6103  (patience 4482/100)
2026-06-08 23:12:30,693 - INFO - Epoch 4850  Loss: 0.0470  TrainAUC: 0.9994  ValAUC: 0.9455  TestAUC: 0.9332  TestAUPR: 0.6053  (patience 4532/100)
2026-06-08 23:13:30,318 - INFO - Epoch 4900  Loss: 0.0497  TrainAUC: 0.9993  ValAUC: 0.9507  TestAUC: 0.9357  TestAUPR: 0.6076  (patience 4582/100)
2026-06-08 23:14:26,471 - INFO - Epoch 4950  Loss: 0.0428  TrainAUC: 0.9994  ValAUC: 0.9436  TestAUC: 0.9314  TestAUPR: 0.6149  (patience 4632/100)
2026-06-08 23:15:25,755 - INFO - Epoch 5000  Loss: 0.0412  TrainAUC: 0.9994  ValAUC: 0.9465  TestAUC: 0.9333  TestAUPR: 0.6104  (patience 4682/100)
2026-06-08 23:15:27,930 - INFO - Fold 2 FINAL  AUC: 0.9347  AUPR: 0.4187
2026-06-08 23:15:27,960 - INFO - 
------------------------------------------------------------
2026-06-08 23:15:27,961 - INFO - 5-Fold CV  |  Fold 3
2026-06-08 23:15:27,961 - INFO - ------------------------------------------------------------
2026-06-08 23:15:28,775 - INFO - Graph: Graph(num_nodes={'disease': 409, 'drug': 663},
      num_edges={('disease', 'di_di', 'disease'): 6507, ('disease', 'di_dr', 'drug'): 2532, ('drug', 'dr_di', 'disease'): 2532, ('drug', 'dr_dr', 'drug'): 10582},
      metagraph=[('disease', 'disease', 'di_di'), ('disease', 'drug', 'di_dr'), ('drug', 'disease', 'dr_di'), ('drug', 'drug', 'dr_dr')])
2026-06-08 23:15:29,038 - INFO - Train pairs: 195240  |  Val pairs: 21694  |  Test pairs: 54233
2026-06-08 23:15:29,087 - INFO - Model parameters: 905,987
2026-06-08 23:15:29,094 - INFO - BCE pos_weight: 106.075
2026-06-08 23:16:29,904 - INFO - Epoch   50  Loss: 0.8969  TrainAUC: 0.8741  ValAUC: 0.8969  TestAUC: 0.8461  TestAUPR: 0.1309  (patience 1/100)
2026-06-08 23:17:29,176 - INFO - Epoch  100  Loss: 0.6718  TrainAUC: 0.9323  ValAUC: 0.9200  TestAUC: 0.8892  TestAUPR: 0.1914  (patience 3/100)
2026-06-08 23:18:28,766 - INFO - Epoch  150  Loss: 0.4414  TrainAUC: 0.9689  ValAUC: 0.9715  TestAUC: 0.9326  TestAUPR: 0.3099  (patience 4/100)
2026-06-08 23:19:28,028 - INFO - Epoch  200  Loss: 0.3266  TrainAUC: 0.9817  ValAUC: 0.9776  TestAUC: 0.9421  TestAUPR: 0.3720  (patience 5/100)
2026-06-08 23:20:26,134 - INFO - Epoch  250  Loss: 0.2768  TrainAUC: 0.9861  ValAUC: 0.9779  TestAUC: 0.9485  TestAUPR: 0.4035  (patience 3/100)
2026-06-08 23:21:23,921 - INFO - Epoch  300  Loss: 0.2868  TrainAUC: 0.9877  ValAUC: 0.9778  TestAUC: 0.9489  TestAUPR: 0.4351  (patience 7/100)
2026-06-08 23:22:20,283 - INFO - Epoch  350  Loss: 0.2277  TrainAUC: 0.9903  ValAUC: 0.9803  TestAUC: 0.9540  TestAUPR: 0.4463  (patience 0/100)
2026-06-08 23:23:19,319 - INFO - Epoch  400  Loss: 0.2023  TrainAUC: 0.9917  ValAUC: 0.9789  TestAUC: 0.9545  TestAUPR: 0.4574  (patience 8/100)
2026-06-08 23:24:18,044 - INFO - Epoch  450  Loss: 0.1937  TrainAUC: 0.9928  ValAUC: 0.9791  TestAUC: 0.9552  TestAUPR: 0.4737  (patience 58/100)
2026-06-08 23:25:16,790 - INFO - Epoch  500  Loss: 0.1841  TrainAUC: 0.9933  ValAUC: 0.9779  TestAUC: 0.9557  TestAUPR: 0.4784  (patience 108/100)
2026-06-08 23:26:16,303 - INFO - Epoch  550  Loss: 0.1726  TrainAUC: 0.9940  ValAUC: 0.9785  TestAUC: 0.9565  TestAUPR: 0.4920  (patience 158/100)
2026-06-08 23:27:15,236 - INFO - Epoch  600  Loss: 0.1624  TrainAUC: 0.9943  ValAUC: 0.9764  TestAUC: 0.9563  TestAUPR: 0.5021  (patience 208/100)
2026-06-08 23:28:13,386 - INFO - Epoch  650  Loss: 0.1612  TrainAUC: 0.9946  ValAUC: 0.9777  TestAUC: 0.9567  TestAUPR: 0.5188  (patience 258/100)
2026-06-08 23:29:13,235 - INFO - Epoch  700  Loss: 0.1652  TrainAUC: 0.9945  ValAUC: 0.9773  TestAUC: 0.9553  TestAUPR: 0.5142  (patience 308/100)
2026-06-08 23:30:12,873 - INFO - Epoch  750  Loss: 0.1371  TrainAUC: 0.9960  ValAUC: 0.9776  TestAUC: 0.9561  TestAUPR: 0.5023  (patience 358/100)
2026-06-08 23:31:09,655 - INFO - Epoch  800  Loss: 0.1469  TrainAUC: 0.9954  ValAUC: 0.9761  TestAUC: 0.9563  TestAUPR: 0.5157  (patience 408/100)
2026-06-08 23:32:07,111 - INFO - Epoch  850  Loss: 0.1365  TrainAUC: 0.9959  ValAUC: 0.9756  TestAUC: 0.9554  TestAUPR: 0.5141  (patience 458/100)
2026-06-08 23:33:06,098 - INFO - Epoch  900  Loss: 0.1292  TrainAUC: 0.9962  ValAUC: 0.9746  TestAUC: 0.9579  TestAUPR: 0.5225  (patience 508/100)
2026-06-08 23:34:04,684 - INFO - Epoch  950  Loss: 0.1312  TrainAUC: 0.9965  ValAUC: 0.9739  TestAUC: 0.9565  TestAUPR: 0.5346  (patience 558/100)
2026-06-08 23:35:03,368 - INFO - Epoch 1000  Loss: 0.1213  TrainAUC: 0.9967  ValAUC: 0.9733  TestAUC: 0.9566  TestAUPR: 0.5265  (patience 608/100)
2026-06-08 23:36:02,552 - INFO - Epoch 1050  Loss: 0.1213  TrainAUC: 0.9967  ValAUC: 0.9739  TestAUC: 0.9559  TestAUPR: 0.5302  (patience 658/100)
2026-06-08 23:36:59,548 - INFO - Epoch 1100  Loss: 0.1139  TrainAUC: 0.9970  ValAUC: 0.9742  TestAUC: 0.9560  TestAUPR: 0.5292  (patience 708/100)
2026-06-08 23:37:59,300 - INFO - Epoch 1150  Loss: 0.1162  TrainAUC: 0.9970  ValAUC: 0.9746  TestAUC: 0.9562  TestAUPR: 0.5431  (patience 758/100)
2026-06-08 23:38:58,568 - INFO - Epoch 1200  Loss: 0.1202  TrainAUC: 0.9968  ValAUC: 0.9725  TestAUC: 0.9546  TestAUPR: 0.5426  (patience 808/100)
2026-06-08 23:39:58,245 - INFO - Epoch 1250  Loss: 0.1062  TrainAUC: 0.9974  ValAUC: 0.9721  TestAUC: 0.9558  TestAUPR: 0.5509  (patience 858/100)
2026-06-08 23:40:55,887 - INFO - Epoch 1300  Loss: 0.1099  TrainAUC: 0.9972  ValAUC: 0.9733  TestAUC: 0.9551  TestAUPR: 0.5459  (patience 908/100)
2026-06-08 23:41:54,011 - INFO - Epoch 1350  Loss: 0.1139  TrainAUC: 0.9971  ValAUC: 0.9708  TestAUC: 0.9535  TestAUPR: 0.5424  (patience 958/100)
2026-06-08 23:42:53,820 - INFO - Epoch 1400  Loss: 0.1127  TrainAUC: 0.9973  ValAUC: 0.9729  TestAUC: 0.9561  TestAUPR: 0.5479  (patience 1008/100)
2026-06-08 23:43:52,111 - INFO - Epoch 1450  Loss: 0.1016  TrainAUC: 0.9976  ValAUC: 0.9722  TestAUC: 0.9570  TestAUPR: 0.5479  (patience 1058/100)
2026-06-08 23:44:50,015 - INFO - Epoch 1500  Loss: 0.0945  TrainAUC: 0.9979  ValAUC: 0.9710  TestAUC: 0.9538  TestAUPR: 0.5508  (patience 1108/100)
2026-06-08 23:45:47,938 - INFO - Epoch 1550  Loss: 0.0994  TrainAUC: 0.9976  ValAUC: 0.9729  TestAUC: 0.9568  TestAUPR: 0.5572  (patience 1158/100)
2026-06-08 23:46:46,918 - INFO - Epoch 1600  Loss: 0.0973  TrainAUC: 0.9978  ValAUC: 0.9706  TestAUC: 0.9533  TestAUPR: 0.5580  (patience 1208/100)
2026-06-08 23:47:45,078 - INFO - Epoch 1650  Loss: 0.0926  TrainAUC: 0.9979  ValAUC: 0.9704  TestAUC: 0.9518  TestAUPR: 0.5650  (patience 1258/100)
2026-06-08 23:48:45,405 - INFO - Epoch 1700  Loss: 0.0890  TrainAUC: 0.9979  ValAUC: 0.9705  TestAUC: 0.9551  TestAUPR: 0.5583  (patience 1308/100)
2026-06-08 23:49:45,152 - INFO - Epoch 1750  Loss: 0.0916  TrainAUC: 0.9979  ValAUC: 0.9696  TestAUC: 0.9510  TestAUPR: 0.5426  (patience 1358/100)
2026-06-08 23:50:42,766 - INFO - Epoch 1800  Loss: 0.0840  TrainAUC: 0.9981  ValAUC: 0.9704  TestAUC: 0.9544  TestAUPR: 0.5498  (patience 1408/100)
2026-06-08 23:51:40,726 - INFO - Epoch 1850  Loss: 0.0893  TrainAUC: 0.9979  ValAUC: 0.9728  TestAUC: 0.9532  TestAUPR: 0.5653  (patience 1458/100)
2026-06-08 23:52:39,589 - INFO - Epoch 1900  Loss: 0.0863  TrainAUC: 0.9982  ValAUC: 0.9697  TestAUC: 0.9530  TestAUPR: 0.5676  (patience 1508/100)
2026-06-08 23:53:38,328 - INFO - Epoch 1950  Loss: 0.1036  TrainAUC: 0.9978  ValAUC: 0.9685  TestAUC: 0.9524  TestAUPR: 0.5697  (patience 1558/100)
2026-06-08 23:54:36,134 - INFO - Epoch 2000  Loss: 0.0910  TrainAUC: 0.9980  ValAUC: 0.9692  TestAUC: 0.9527  TestAUPR: 0.5771  (patience 1608/100)
2026-06-08 23:55:35,483 - INFO - Epoch 2050  Loss: 0.0733  TrainAUC: 0.9986  ValAUC: 0.9685  TestAUC: 0.9490  TestAUPR: 0.5683  (patience 1658/100)
2026-06-08 23:56:31,592 - INFO - Epoch 2100  Loss: 0.0764  TrainAUC: 0.9984  ValAUC: 0.9685  TestAUC: 0.9495  TestAUPR: 0.5665  (patience 1708/100)
2026-06-08 23:57:29,443 - INFO - Epoch 2150  Loss: 0.0739  TrainAUC: 0.9985  ValAUC: 0.9688  TestAUC: 0.9494  TestAUPR: 0.5762  (patience 1758/100)
2026-06-08 23:58:27,456 - INFO - Epoch 2200  Loss: 0.0736  TrainAUC: 0.9984  ValAUC: 0.9654  TestAUC: 0.9490  TestAUPR: 0.5734  (patience 1808/100)
2026-06-08 23:59:24,929 - INFO - Epoch 2250  Loss: 0.0892  TrainAUC: 0.9982  ValAUC: 0.9674  TestAUC: 0.9507  TestAUPR: 0.5710  (patience 1858/100)
2026-06-09 00:00:23,303 - INFO - Epoch 2300  Loss: 0.0720  TrainAUC: 0.9985  ValAUC: 0.9678  TestAUC: 0.9511  TestAUPR: 0.5732  (patience 1908/100)
2026-06-09 00:01:22,706 - INFO - Epoch 2350  Loss: 0.0811  TrainAUC: 0.9984  ValAUC: 0.9686  TestAUC: 0.9508  TestAUPR: 0.5891  (patience 1958/100)
2026-06-09 00:02:21,598 - INFO - Epoch 2400  Loss: 0.0874  TrainAUC: 0.9983  ValAUC: 0.9689  TestAUC: 0.9526  TestAUPR: 0.5670  (patience 2008/100)
2026-06-09 00:03:18,487 - INFO - Epoch 2450  Loss: 0.0831  TrainAUC: 0.9985  ValAUC: 0.9686  TestAUC: 0.9490  TestAUPR: 0.5781  (patience 2058/100)
2026-06-09 00:04:17,348 - INFO - Epoch 2500  Loss: 0.0689  TrainAUC: 0.9987  ValAUC: 0.9678  TestAUC: 0.9501  TestAUPR: 0.5813  (patience 2108/100)
2026-06-09 00:05:12,454 - INFO - Epoch 2550  Loss: 0.0684  TrainAUC: 0.9986  ValAUC: 0.9671  TestAUC: 0.9514  TestAUPR: 0.5842  (patience 2158/100)
2026-06-09 00:06:11,870 - INFO - Epoch 2600  Loss: 0.0695  TrainAUC: 0.9986  ValAUC: 0.9675  TestAUC: 0.9498  TestAUPR: 0.5736  (patience 2208/100)
2026-06-09 00:07:10,768 - INFO - Epoch 2650  Loss: 0.0684  TrainAUC: 0.9988  ValAUC: 0.9688  TestAUC: 0.9502  TestAUPR: 0.5874  (patience 2258/100)
2026-06-09 00:08:10,088 - INFO - Epoch 2700  Loss: 0.0650  TrainAUC: 0.9988  ValAUC: 0.9637  TestAUC: 0.9493  TestAUPR: 0.5850  (patience 2308/100)
2026-06-09 00:09:09,743 - INFO - Epoch 2750  Loss: 0.0724  TrainAUC: 0.9987  ValAUC: 0.9682  TestAUC: 0.9519  TestAUPR: 0.5763  (patience 2358/100)
2026-06-09 00:10:06,538 - INFO - Epoch 2800  Loss: 0.0676  TrainAUC: 0.9988  ValAUC: 0.9644  TestAUC: 0.9492  TestAUPR: 0.5898  (patience 2408/100)
2026-06-09 00:11:05,126 - INFO - Epoch 2850  Loss: 0.0617  TrainAUC: 0.9989  ValAUC: 0.9678  TestAUC: 0.9499  TestAUPR: 0.5857  (patience 2458/100)
2026-06-09 00:12:00,347 - INFO - Epoch 2900  Loss: 0.0666  TrainAUC: 0.9988  ValAUC: 0.9629  TestAUC: 0.9479  TestAUPR: 0.5891  (patience 2508/100)
2026-06-09 00:12:59,651 - INFO - Epoch 2950  Loss: 0.0619  TrainAUC: 0.9989  ValAUC: 0.9645  TestAUC: 0.9479  TestAUPR: 0.5718  (patience 2558/100)
2026-06-09 00:13:58,671 - INFO - Epoch 3000  Loss: 0.0660  TrainAUC: 0.9988  ValAUC: 0.9638  TestAUC: 0.9492  TestAUPR: 0.5925  (patience 2608/100)
2026-06-09 00:14:58,684 - INFO - Epoch 3050  Loss: 0.0612  TrainAUC: 0.9990  ValAUC: 0.9627  TestAUC: 0.9463  TestAUPR: 0.5908  (patience 2658/100)
2026-06-09 00:15:58,275 - INFO - Epoch 3100  Loss: 0.0574  TrainAUC: 0.9990  ValAUC: 0.9602  TestAUC: 0.9432  TestAUPR: 0.5902  (patience 2708/100)
2026-06-09 00:16:55,388 - INFO - Epoch 3150  Loss: 0.0666  TrainAUC: 0.9989  ValAUC: 0.9653  TestAUC: 0.9484  TestAUPR: 0.5870  (patience 2758/100)
2026-06-09 00:17:53,711 - INFO - Epoch 3200  Loss: 0.0610  TrainAUC: 0.9990  ValAUC: 0.9637  TestAUC: 0.9478  TestAUPR: 0.5957  (patience 2808/100)
2026-06-09 00:18:52,406 - INFO - Epoch 3250  Loss: 0.0609  TrainAUC: 0.9991  ValAUC: 0.9660  TestAUC: 0.9492  TestAUPR: 0.5976  (patience 2858/100)
2026-06-09 00:19:51,596 - INFO - Epoch 3300  Loss: 0.0559  TrainAUC: 0.9991  ValAUC: 0.9652  TestAUC: 0.9477  TestAUPR: 0.5880  (patience 2908/100)
2026-06-09 00:20:47,737 - INFO - Epoch 3350  Loss: 0.0556  TrainAUC: 0.9991  ValAUC: 0.9647  TestAUC: 0.9484  TestAUPR: 0.5940  (patience 2958/100)
2026-06-09 00:21:46,276 - INFO - Epoch 3400  Loss: 0.0532  TrainAUC: 0.9991  ValAUC: 0.9625  TestAUC: 0.9472  TestAUPR: 0.5890  (patience 3008/100)
2026-06-09 00:22:46,248 - INFO - Epoch 3450  Loss: 0.0537  TrainAUC: 0.9992  ValAUC: 0.9648  TestAUC: 0.9481  TestAUPR: 0.5910  (patience 3058/100)
2026-06-09 00:23:44,866 - INFO - Epoch 3500  Loss: 0.0533  TrainAUC: 0.9991  ValAUC: 0.9639  TestAUC: 0.9482  TestAUPR: 0.5995  (patience 3108/100)
2026-06-09 00:24:44,221 - INFO - Epoch 3550  Loss: 0.0588  TrainAUC: 0.9991  ValAUC: 0.9635  TestAUC: 0.9480  TestAUPR: 0.6001  (patience 3158/100)
2026-06-09 00:25:40,133 - INFO - Epoch 3600  Loss: 0.0580  TrainAUC: 0.9990  ValAUC: 0.9643  TestAUC: 0.9485  TestAUPR: 0.5928  (patience 3208/100)
2026-06-09 00:26:37,926 - INFO - Epoch 3650  Loss: 0.0587  TrainAUC: 0.9991  ValAUC: 0.9628  TestAUC: 0.9464  TestAUPR: 0.5982  (patience 3258/100)
2026-06-09 00:27:36,484 - INFO - Epoch 3700  Loss: 0.0514  TrainAUC: 0.9991  ValAUC: 0.9638  TestAUC: 0.9479  TestAUPR: 0.5955  (patience 3308/100)
2026-06-09 00:28:35,895 - INFO - Epoch 3750  Loss: 0.0523  TrainAUC: 0.9991  ValAUC: 0.9646  TestAUC: 0.9508  TestAUPR: 0.5895  (patience 3358/100)
2026-06-09 00:29:34,258 - INFO - Epoch 3800  Loss: 0.0492  TrainAUC: 0.9993  ValAUC: 0.9615  TestAUC: 0.9456  TestAUPR: 0.5925  (patience 3408/100)
2026-06-09 00:30:32,707 - INFO - Epoch 3850  Loss: 0.0564  TrainAUC: 0.9991  ValAUC: 0.9620  TestAUC: 0.9442  TestAUPR: 0.5997  (patience 3458/100)
2026-06-09 00:31:28,379 - INFO - Epoch 3900  Loss: 0.0479  TrainAUC: 0.9993  ValAUC: 0.9630  TestAUC: 0.9476  TestAUPR: 0.5985  (patience 3508/100)
2026-06-09 00:32:26,128 - INFO - Epoch 3950  Loss: 0.0516  TrainAUC: 0.9992  ValAUC: 0.9633  TestAUC: 0.9477  TestAUPR: 0.5977  (patience 3558/100)
2026-06-09 00:33:25,390 - INFO - Epoch 4000  Loss: 0.0465  TrainAUC: 0.9993  ValAUC: 0.9646  TestAUC: 0.9451  TestAUPR: 0.5996  (patience 3608/100)
2026-06-09 00:34:24,049 - INFO - Epoch 4050  Loss: 0.0505  TrainAUC: 0.9992  ValAUC: 0.9639  TestAUC: 0.9474  TestAUPR: 0.5917  (patience 3658/100)
2026-06-09 00:35:22,200 - INFO - Epoch 4100  Loss: 0.0533  TrainAUC: 0.9991  ValAUC: 0.9635  TestAUC: 0.9473  TestAUPR: 0.6003  (patience 3708/100)
2026-06-09 00:36:21,409 - INFO - Epoch 4150  Loss: 0.0492  TrainAUC: 0.9993  ValAUC: 0.9597  TestAUC: 0.9438  TestAUPR: 0.6057  (patience 3758/100)
2026-06-09 00:37:21,452 - INFO - Epoch 4200  Loss: 0.0584  TrainAUC: 0.9991  ValAUC: 0.9629  TestAUC: 0.9471  TestAUPR: 0.6097  (patience 3808/100)
2026-06-09 00:38:20,867 - INFO - Epoch 4250  Loss: 0.0627  TrainAUC: 0.9991  ValAUC: 0.9617  TestAUC: 0.9436  TestAUPR: 0.6077  (patience 3858/100)
2026-06-09 00:39:18,268 - INFO - Epoch 4300  Loss: 0.0512  TrainAUC: 0.9993  ValAUC: 0.9619  TestAUC: 0.9465  TestAUPR: 0.6058  (patience 3908/100)
2026-06-09 00:40:17,397 - INFO - Epoch 4350  Loss: 0.0486  TrainAUC: 0.9992  ValAUC: 0.9639  TestAUC: 0.9482  TestAUPR: 0.5986  (patience 3958/100)
2026-06-09 00:41:15,786 - INFO - Epoch 4400  Loss: 0.0503  TrainAUC: 0.9993  ValAUC: 0.9598  TestAUC: 0.9446  TestAUPR: 0.6028  (patience 4008/100)
2026-06-09 00:42:15,395 - INFO - Epoch 4450  Loss: 0.0464  TrainAUC: 0.9993  ValAUC: 0.9620  TestAUC: 0.9447  TestAUPR: 0.5963  (patience 4058/100)
2026-06-09 00:43:12,115 - INFO - Epoch 4500  Loss: 0.0488  TrainAUC: 0.9993  ValAUC: 0.9619  TestAUC: 0.9475  TestAUPR: 0.6071  (patience 4108/100)
2026-06-09 00:44:08,357 - INFO - Epoch 4550  Loss: 0.0484  TrainAUC: 0.9993  ValAUC: 0.9581  TestAUC: 0.9422  TestAUPR: 0.5980  (patience 4158/100)
2026-06-09 00:45:08,224 - INFO - Epoch 4600  Loss: 0.0371  TrainAUC: 0.9995  ValAUC: 0.9591  TestAUC: 0.9452  TestAUPR: 0.6009  (patience 4208/100)
2026-06-09 00:46:08,239 - INFO - Epoch 4650  Loss: 0.0434  TrainAUC: 0.9994  ValAUC: 0.9603  TestAUC: 0.9422  TestAUPR: 0.5987  (patience 4258/100)
2026-06-09 00:47:06,604 - INFO - Epoch 4700  Loss: 0.0516  TrainAUC: 0.9993  ValAUC: 0.9567  TestAUC: 0.9418  TestAUPR: 0.6006  (patience 4308/100)
2026-06-09 00:48:05,130 - INFO - Epoch 4750  Loss: 0.0462  TrainAUC: 0.9993  ValAUC: 0.9607  TestAUC: 0.9417  TestAUPR: 0.6026  (patience 4358/100)
2026-06-09 00:49:04,122 - INFO - Epoch 4800  Loss: 0.0423  TrainAUC: 0.9994  ValAUC: 0.9611  TestAUC: 0.9471  TestAUPR: 0.5994  (patience 4408/100)
2026-06-09 00:50:02,842 - INFO - Epoch 4850  Loss: 0.0541  TrainAUC: 0.9993  ValAUC: 0.9614  TestAUC: 0.9443  TestAUPR: 0.6076  (patience 4458/100)
2026-06-09 00:51:02,672 - INFO - Epoch 4900  Loss: 0.0484  TrainAUC: 0.9993  ValAUC: 0.9587  TestAUC: 0.9438  TestAUPR: 0.5979  (patience 4508/100)
2026-06-09 00:52:01,704 - INFO - Epoch 4950  Loss: 0.0487  TrainAUC: 0.9993  ValAUC: 0.9615  TestAUC: 0.9457  TestAUPR: 0.6020  (patience 4558/100)
2026-06-09 00:53:00,885 - INFO - Epoch 5000  Loss: 0.0480  TrainAUC: 0.9994  ValAUC: 0.9618  TestAUC: 0.9464  TestAUPR: 0.5990  (patience 4608/100)
2026-06-09 00:53:03,120 - INFO - Fold 3 FINAL  AUC: 0.9569  AUPR: 0.4606
2026-06-09 00:53:03,132 - INFO - 
------------------------------------------------------------
2026-06-09 00:53:03,133 - INFO - 5-Fold CV  |  Fold 4
2026-06-09 00:53:03,133 - INFO - ------------------------------------------------------------
2026-06-09 00:53:03,745 - INFO - Graph: Graph(num_nodes={'disease': 409, 'drug': 663},
      num_edges={('disease', 'di_di', 'disease'): 6507, ('disease', 'di_dr', 'drug'): 2532, ('drug', 'dr_di', 'disease'): 2532, ('drug', 'dr_dr', 'drug'): 10582},
      metagraph=[('disease', 'disease', 'di_di'), ('disease', 'drug', 'di_dr'), ('drug', 'disease', 'dr_di'), ('drug', 'drug', 'dr_dr')])
2026-06-09 00:53:03,987 - INFO - Train pairs: 195240  |  Val pairs: 21694  |  Test pairs: 54233
2026-06-09 00:53:04,023 - INFO - Model parameters: 905,987
2026-06-09 00:53:04,026 - INFO - BCE pos_weight: 106.075
2026-06-09 00:54:03,439 - INFO - Epoch   50  Loss: 1.1478  TrainAUC: 0.7661  ValAUC: 0.8233  TestAUC: 0.7902  TestAUPR: 0.0691  (patience 0/100)
2026-06-09 00:55:03,810 - INFO - Epoch  100  Loss: 0.7461  TrainAUC: 0.9107  ValAUC: 0.9415  TestAUC: 0.8746  TestAUPR: 0.1506  (patience 1/100)
2026-06-09 00:56:01,796 - INFO - Epoch  150  Loss: 0.5059  TrainAUC: 0.9595  ValAUC: 0.9665  TestAUC: 0.9180  TestAUPR: 0.2519  (patience 3/100)
2026-06-09 00:57:00,648 - INFO - Epoch  200  Loss: 0.3899  TrainAUC: 0.9748  ValAUC: 0.9820  TestAUC: 0.9295  TestAUPR: 0.3266  (patience 0/100)
2026-06-09 00:57:57,778 - INFO - Epoch  250  Loss: 0.3443  TrainAUC: 0.9808  ValAUC: 0.9833  TestAUC: 0.9375  TestAUPR: 0.3685  (patience 7/100)
2026-06-09 00:58:57,074 - INFO - Epoch  300  Loss: 0.2810  TrainAUC: 0.9870  ValAUC: 0.9849  TestAUC: 0.9433  TestAUPR: 0.3792  (patience 5/100)
2026-06-09 00:59:57,254 - INFO - Epoch  350  Loss: 0.2573  TrainAUC: 0.9882  ValAUC: 0.9870  TestAUC: 0.9469  TestAUPR: 0.4164  (patience 12/100)
2026-06-09 01:00:56,936 - INFO - Epoch  400  Loss: 0.2176  TrainAUC: 0.9912  ValAUC: 0.9877  TestAUC: 0.9470  TestAUPR: 0.4321  (patience 29/100)
2026-06-09 01:01:53,046 - INFO - Epoch  450  Loss: 0.2137  TrainAUC: 0.9916  ValAUC: 0.9875  TestAUC: 0.9446  TestAUPR: 0.4310  (patience 79/100)
2026-06-09 01:02:51,159 - INFO - Epoch  500  Loss: 0.2016  TrainAUC: 0.9922  ValAUC: 0.9865  TestAUC: 0.9485  TestAUPR: 0.4571  (patience 38/100)
2026-06-09 01:03:47,497 - INFO - Epoch  550  Loss: 0.1895  TrainAUC: 0.9933  ValAUC: 0.9868  TestAUC: 0.9493  TestAUPR: 0.4676  (patience 88/100)
2026-06-09 01:04:43,896 - INFO - Epoch  600  Loss: 0.1861  TrainAUC: 0.9934  ValAUC: 0.9870  TestAUC: 0.9501  TestAUPR: 0.4715  (patience 138/100)
2026-06-09 01:05:42,322 - INFO - Epoch  650  Loss: 0.1718  TrainAUC: 0.9939  ValAUC: 0.9867  TestAUC: 0.9490  TestAUPR: 0.4621  (patience 188/100)
2026-06-09 01:06:38,443 - INFO - Epoch  700  Loss: 0.1672  TrainAUC: 0.9944  ValAUC: 0.9856  TestAUC: 0.9498  TestAUPR: 0.4900  (patience 238/100)
2026-06-09 01:07:36,371 - INFO - Epoch  750  Loss: 0.1650  TrainAUC: 0.9947  ValAUC: 0.9855  TestAUC: 0.9485  TestAUPR: 0.4901  (patience 288/100)
2026-06-09 01:08:34,652 - INFO - Epoch  800  Loss: 0.1485  TrainAUC: 0.9952  ValAUC: 0.9866  TestAUC: 0.9511  TestAUPR: 0.4931  (patience 338/100)
2026-06-09 01:09:31,810 - INFO - Epoch  850  Loss: 0.1434  TrainAUC: 0.9955  ValAUC: 0.9853  TestAUC: 0.9517  TestAUPR: 0.4950  (patience 388/100)
2026-06-09 01:10:28,813 - INFO - Epoch  900  Loss: 0.1494  TrainAUC: 0.9956  ValAUC: 0.9859  TestAUC: 0.9522  TestAUPR: 0.5093  (patience 438/100)
2026-06-09 01:11:27,978 - INFO - Epoch  950  Loss: 0.1457  TrainAUC: 0.9956  ValAUC: 0.9858  TestAUC: 0.9523  TestAUPR: 0.5053  (patience 488/100)
2026-06-09 01:12:22,846 - INFO - Epoch 1000  Loss: 0.1374  TrainAUC: 0.9959  ValAUC: 0.9846  TestAUC: 0.9500  TestAUPR: 0.5030  (patience 538/100)
2026-06-09 01:13:21,951 - INFO - Epoch 1050  Loss: 0.1360  TrainAUC: 0.9961  ValAUC: 0.9864  TestAUC: 0.9511  TestAUPR: 0.5037  (patience 588/100)
2026-06-09 01:14:19,270 - INFO - Epoch 1100  Loss: 0.1328  TrainAUC: 0.9962  ValAUC: 0.9854  TestAUC: 0.9504  TestAUPR: 0.5105  (patience 638/100)
2026-06-09 01:15:19,149 - INFO - Epoch 1150  Loss: 0.1275  TrainAUC: 0.9967  ValAUC: 0.9853  TestAUC: 0.9496  TestAUPR: 0.5235  (patience 688/100)
2026-06-09 01:16:18,105 - INFO - Epoch 1200  Loss: 0.1227  TrainAUC: 0.9966  ValAUC: 0.9837  TestAUC: 0.9488  TestAUPR: 0.5172  (patience 738/100)
2026-06-09 01:17:12,812 - INFO - Epoch 1250  Loss: 0.1149  TrainAUC: 0.9970  ValAUC: 0.9838  TestAUC: 0.9490  TestAUPR: 0.5231  (patience 788/100)
2026-06-09 01:18:11,980 - INFO - Epoch 1300  Loss: 0.1187  TrainAUC: 0.9967  ValAUC: 0.9831  TestAUC: 0.9512  TestAUPR: 0.5174  (patience 838/100)
2026-06-09 01:19:08,567 - INFO - Epoch 1350  Loss: 0.1192  TrainAUC: 0.9968  ValAUC: 0.9836  TestAUC: 0.9482  TestAUPR: 0.5205  (patience 888/100)
2026-06-09 01:20:06,956 - INFO - Epoch 1400  Loss: 0.1022  TrainAUC: 0.9973  ValAUC: 0.9859  TestAUC: 0.9500  TestAUPR: 0.5242  (patience 938/100)
2026-06-09 01:21:05,243 - INFO - Epoch 1450  Loss: 0.1137  TrainAUC: 0.9970  ValAUC: 0.9827  TestAUC: 0.9503  TestAUPR: 0.5321  (patience 988/100)
2026-06-09 01:22:03,919 - INFO - Epoch 1500  Loss: 0.1112  TrainAUC: 0.9973  ValAUC: 0.9836  TestAUC: 0.9454  TestAUPR: 0.5278  (patience 1038/100)
2026-06-09 01:23:01,369 - INFO - Epoch 1550  Loss: 0.0996  TrainAUC: 0.9977  ValAUC: 0.9823  TestAUC: 0.9489  TestAUPR: 0.5215  (patience 1088/100)
2026-06-09 01:24:00,662 - INFO - Epoch 1600  Loss: 0.1056  TrainAUC: 0.9974  ValAUC: 0.9809  TestAUC: 0.9482  TestAUPR: 0.5271  (patience 1138/100)
2026-06-09 01:24:59,931 - INFO - Epoch 1650  Loss: 0.1001  TrainAUC: 0.9976  ValAUC: 0.9817  TestAUC: 0.9491  TestAUPR: 0.5297  (patience 1188/100)
2026-06-09 01:25:57,775 - INFO - Epoch 1700  Loss: 0.0928  TrainAUC: 0.9978  ValAUC: 0.9834  TestAUC: 0.9484  TestAUPR: 0.5375  (patience 1238/100)
2026-06-09 01:26:54,899 - INFO - Epoch 1750  Loss: 0.0985  TrainAUC: 0.9978  ValAUC: 0.9833  TestAUC: 0.9503  TestAUPR: 0.5470  (patience 1288/100)
2026-06-09 01:27:54,441 - INFO - Epoch 1800  Loss: 0.0939  TrainAUC: 0.9980  ValAUC: 0.9821  TestAUC: 0.9483  TestAUPR: 0.5425  (patience 1338/100)
2026-06-09 01:28:50,812 - INFO - Epoch 1850  Loss: 0.0961  TrainAUC: 0.9977  ValAUC: 0.9791  TestAUC: 0.9469  TestAUPR: 0.5277  (patience 1388/100)
2026-06-09 01:29:50,962 - INFO - Epoch 1900  Loss: 0.0948  TrainAUC: 0.9978  ValAUC: 0.9795  TestAUC: 0.9478  TestAUPR: 0.5369  (patience 1438/100)
2026-06-09 01:30:49,919 - INFO - Epoch 1950  Loss: 0.0970  TrainAUC: 0.9978  ValAUC: 0.9791  TestAUC: 0.9477  TestAUPR: 0.5421  (patience 1488/100)
2026-06-09 01:31:49,264 - INFO - Epoch 2000  Loss: 0.0837  TrainAUC: 0.9982  ValAUC: 0.9784  TestAUC: 0.9490  TestAUPR: 0.5256  (patience 1538/100)
2026-06-09 01:32:49,242 - INFO - Epoch 2050  Loss: 0.0799  TrainAUC: 0.9982  ValAUC: 0.9803  TestAUC: 0.9465  TestAUPR: 0.5290  (patience 1588/100)
2026-06-09 01:33:47,148 - INFO - Epoch 2100  Loss: 0.0894  TrainAUC: 0.9980  ValAUC: 0.9799  TestAUC: 0.9476  TestAUPR: 0.5414  (patience 1638/100)
2026-06-09 01:34:44,702 - INFO - Epoch 2150  Loss: 0.0853  TrainAUC: 0.9982  ValAUC: 0.9795  TestAUC: 0.9459  TestAUPR: 0.5385  (patience 1688/100)
2026-06-09 01:35:44,483 - INFO - Epoch 2200  Loss: 0.0792  TrainAUC: 0.9983  ValAUC: 0.9781  TestAUC: 0.9465  TestAUPR: 0.5353  (patience 1738/100)
2026-06-09 01:36:43,129 - INFO - Epoch 2250  Loss: 0.0891  TrainAUC: 0.9980  ValAUC: 0.9766  TestAUC: 0.9443  TestAUPR: 0.5427  (patience 1788/100)
2026-06-09 01:37:41,335 - INFO - Epoch 2300  Loss: 0.0817  TrainAUC: 0.9983  ValAUC: 0.9783  TestAUC: 0.9465  TestAUPR: 0.5459  (patience 1838/100)
2026-06-09 01:38:38,584 - INFO - Epoch 2350  Loss: 0.0859  TrainAUC: 0.9983  ValAUC: 0.9775  TestAUC: 0.9469  TestAUPR: 0.5432  (patience 1888/100)
2026-06-09 01:39:38,717 - INFO - Epoch 2400  Loss: 0.0779  TrainAUC: 0.9986  ValAUC: 0.9777  TestAUC: 0.9462  TestAUPR: 0.5506  (patience 1938/100)
2026-06-09 01:40:33,765 - INFO - Epoch 2450  Loss: 0.0745  TrainAUC: 0.9985  ValAUC: 0.9781  TestAUC: 0.9484  TestAUPR: 0.5441  (patience 1988/100)
2026-06-09 01:41:34,234 - INFO - Epoch 2500  Loss: 0.0744  TrainAUC: 0.9985  ValAUC: 0.9791  TestAUC: 0.9483  TestAUPR: 0.5482  (patience 2038/100)
2026-06-09 01:42:34,167 - INFO - Epoch 2550  Loss: 0.0737  TrainAUC: 0.9985  ValAUC: 0.9771  TestAUC: 0.9477  TestAUPR: 0.5397  (patience 2088/100)
2026-06-09 01:43:33,675 - INFO - Epoch 2600  Loss: 0.0812  TrainAUC: 0.9986  ValAUC: 0.9785  TestAUC: 0.9472  TestAUPR: 0.5546  (patience 2138/100)
2026-06-09 01:44:32,737 - INFO - Epoch 2650  Loss: 0.0766  TrainAUC: 0.9985  ValAUC: 0.9788  TestAUC: 0.9477  TestAUPR: 0.5409  (patience 2188/100)
2026-06-09 01:45:32,255 - INFO - Epoch 2700  Loss: 0.0720  TrainAUC: 0.9986  ValAUC: 0.9786  TestAUC: 0.9464  TestAUPR: 0.5444  (patience 2238/100)
2026-06-09 01:46:30,973 - INFO - Epoch 2750  Loss: 0.0726  TrainAUC: 0.9986  ValAUC: 0.9739  TestAUC: 0.9455  TestAUPR: 0.5433  (patience 2288/100)
2026-06-09 01:47:29,541 - INFO - Epoch 2800  Loss: 0.0688  TrainAUC: 0.9986  ValAUC: 0.9783  TestAUC: 0.9487  TestAUPR: 0.5560  (patience 2338/100)
2026-06-09 01:48:29,249 - INFO - Epoch 2850  Loss: 0.0745  TrainAUC: 0.9986  ValAUC: 0.9768  TestAUC: 0.9454  TestAUPR: 0.5570  (patience 2388/100)
2026-06-09 01:49:29,077 - INFO - Epoch 2900  Loss: 0.0734  TrainAUC: 0.9986  ValAUC: 0.9761  TestAUC: 0.9462  TestAUPR: 0.5585  (patience 2438/100)
2026-06-09 01:50:28,981 - INFO - Epoch 2950  Loss: 0.0642  TrainAUC: 0.9988  ValAUC: 0.9777  TestAUC: 0.9457  TestAUPR: 0.5602  (patience 2488/100)
2026-06-09 01:51:28,373 - INFO - Epoch 3000  Loss: 0.0710  TrainAUC: 0.9987  ValAUC: 0.9784  TestAUC: 0.9489  TestAUPR: 0.5448  (patience 2538/100)
2026-06-09 01:52:27,549 - INFO - Epoch 3050  Loss: 0.0671  TrainAUC: 0.9987  ValAUC: 0.9783  TestAUC: 0.9440  TestAUPR: 0.5552  (patience 2588/100)
2026-06-09 01:53:27,257 - INFO - Epoch 3100  Loss: 0.0622  TrainAUC: 0.9989  ValAUC: 0.9768  TestAUC: 0.9455  TestAUPR: 0.5646  (patience 2638/100)
2026-06-09 01:54:24,656 - INFO - Epoch 3150  Loss: 0.0717  TrainAUC: 0.9987  ValAUC: 0.9752  TestAUC: 0.9459  TestAUPR: 0.5535  (patience 2688/100)
2026-06-09 01:55:22,493 - INFO - Epoch 3200  Loss: 0.0619  TrainAUC: 0.9989  ValAUC: 0.9744  TestAUC: 0.9431  TestAUPR: 0.5556  (patience 2738/100)
2026-06-09 01:56:21,822 - INFO - Epoch 3250  Loss: 0.0711  TrainAUC: 0.9987  ValAUC: 0.9775  TestAUC: 0.9474  TestAUPR: 0.5578  (patience 2788/100)
2026-06-09 01:57:20,222 - INFO - Epoch 3300  Loss: 0.0632  TrainAUC: 0.9989  ValAUC: 0.9758  TestAUC: 0.9422  TestAUPR: 0.5484  (patience 2838/100)
2026-06-09 01:58:18,933 - INFO - Epoch 3350  Loss: 0.0674  TrainAUC: 0.9988  ValAUC: 0.9748  TestAUC: 0.9446  TestAUPR: 0.5575  (patience 2888/100)
2026-06-09 01:59:16,459 - INFO - Epoch 3400  Loss: 0.0701  TrainAUC: 0.9988  ValAUC: 0.9757  TestAUC: 0.9442  TestAUPR: 0.5708  (patience 2938/100)
2026-06-09 02:00:14,170 - INFO - Epoch 3450  Loss: 0.0659  TrainAUC: 0.9988  ValAUC: 0.9747  TestAUC: 0.9415  TestAUPR: 0.5662  (patience 2988/100)
2026-06-09 02:01:12,226 - INFO - Epoch 3500  Loss: 0.0686  TrainAUC: 0.9989  ValAUC: 0.9768  TestAUC: 0.9442  TestAUPR: 0.5523  (patience 3038/100)
2026-06-09 02:02:11,493 - INFO - Epoch 3550  Loss: 0.0612  TrainAUC: 0.9990  ValAUC: 0.9754  TestAUC: 0.9439  TestAUPR: 0.5632  (patience 3088/100)
2026-06-09 02:03:08,669 - INFO - Epoch 3600  Loss: 0.0677  TrainAUC: 0.9989  ValAUC: 0.9746  TestAUC: 0.9457  TestAUPR: 0.5653  (patience 3138/100)
2026-06-09 02:04:08,700 - INFO - Epoch 3650  Loss: 0.0635  TrainAUC: 0.9988  ValAUC: 0.9747  TestAUC: 0.9459  TestAUPR: 0.5598  (patience 3188/100)
2026-06-09 02:05:12,289 - INFO - Epoch 3700  Loss: 0.0592  TrainAUC: 0.9990  ValAUC: 0.9731  TestAUC: 0.9470  TestAUPR: 0.5600  (patience 3238/100)
2026-06-09 02:06:07,690 - INFO - Epoch 3750  Loss: 0.0625  TrainAUC: 0.9989  ValAUC: 0.9745  TestAUC: 0.9445  TestAUPR: 0.5626  (patience 3288/100)
2026-06-09 02:07:05,166 - INFO - Epoch 3800  Loss: 0.0679  TrainAUC: 0.9989  ValAUC: 0.9789  TestAUC: 0.9436  TestAUPR: 0.5559  (patience 3338/100)
2026-06-09 02:08:04,778 - INFO - Epoch 3850  Loss: 0.0632  TrainAUC: 0.9990  ValAUC: 0.9789  TestAUC: 0.9455  TestAUPR: 0.5602  (patience 3388/100)
2026-06-09 02:09:04,263 - INFO - Epoch 3900  Loss: 0.0554  TrainAUC: 0.9991  ValAUC: 0.9766  TestAUC: 0.9430  TestAUPR: 0.5616  (patience 3438/100)
2026-06-09 02:10:03,463 - INFO - Epoch 3950  Loss: 0.0524  TrainAUC: 0.9992  ValAUC: 0.9752  TestAUC: 0.9411  TestAUPR: 0.5703  (patience 3488/100)
2026-06-09 02:11:02,517 - INFO - Epoch 4000  Loss: 0.0588  TrainAUC: 0.9990  ValAUC: 0.9762  TestAUC: 0.9424  TestAUPR: 0.5545  (patience 3538/100)
2026-06-09 02:11:59,251 - INFO - Epoch 4050  Loss: 0.0554  TrainAUC: 0.9991  ValAUC: 0.9734  TestAUC: 0.9417  TestAUPR: 0.5541  (patience 3588/100)
2026-06-09 02:12:56,898 - INFO - Epoch 4100  Loss: 0.0553  TrainAUC: 0.9991  ValAUC: 0.9743  TestAUC: 0.9433  TestAUPR: 0.5564  (patience 3638/100)
2026-06-09 02:13:54,182 - INFO - Epoch 4150  Loss: 0.0515  TrainAUC: 0.9992  ValAUC: 0.9753  TestAUC: 0.9414  TestAUPR: 0.5587  (patience 3688/100)
2026-06-09 02:14:54,079 - INFO - Epoch 4200  Loss: 0.0577  TrainAUC: 0.9992  ValAUC: 0.9718  TestAUC: 0.9421  TestAUPR: 0.5569  (patience 3738/100)
2026-06-09 02:15:51,401 - INFO - Epoch 4250  Loss: 0.0495  TrainAUC: 0.9992  ValAUC: 0.9745  TestAUC: 0.9447  TestAUPR: 0.5710  (patience 3788/100)
2026-06-09 02:16:49,863 - INFO - Epoch 4300  Loss: 0.0550  TrainAUC: 0.9991  ValAUC: 0.9741  TestAUC: 0.9424  TestAUPR: 0.5693  (patience 3838/100)
2026-06-09 02:17:48,268 - INFO - Epoch 4350  Loss: 0.0478  TrainAUC: 0.9993  ValAUC: 0.9676  TestAUC: 0.9412  TestAUPR: 0.5617  (patience 3888/100)
2026-06-09 02:18:46,937 - INFO - Epoch 4400  Loss: 0.0546  TrainAUC: 0.9992  ValAUC: 0.9734  TestAUC: 0.9435  TestAUPR: 0.5681  (patience 3938/100)
2026-06-09 02:19:46,000 - INFO - Epoch 4450  Loss: 0.0537  TrainAUC: 0.9992  ValAUC: 0.9717  TestAUC: 0.9436  TestAUPR: 0.5682  (patience 3988/100)
2026-06-09 02:20:45,251 - INFO - Epoch 4500  Loss: 0.0543  TrainAUC: 0.9992  ValAUC: 0.9699  TestAUC: 0.9411  TestAUPR: 0.5727  (patience 4038/100)
2026-06-09 02:21:43,449 - INFO - Epoch 4550  Loss: 0.0510  TrainAUC: 0.9992  ValAUC: 0.9731  TestAUC: 0.9445  TestAUPR: 0.5684  (patience 4088/100)
2026-06-09 02:22:43,100 - INFO - Epoch 4600  Loss: 0.0553  TrainAUC: 0.9991  ValAUC: 0.9751  TestAUC: 0.9444  TestAUPR: 0.5573  (patience 4138/100)
2026-06-09 02:23:42,692 - INFO - Epoch 4650  Loss: 0.0551  TrainAUC: 0.9992  ValAUC: 0.9733  TestAUC: 0.9394  TestAUPR: 0.5647  (patience 4188/100)
2026-06-09 02:24:42,566 - INFO - Epoch 4700  Loss: 0.0508  TrainAUC: 0.9992  ValAUC: 0.9719  TestAUC: 0.9434  TestAUPR: 0.5555  (patience 4238/100)
2026-06-09 02:25:41,562 - INFO - Epoch 4750  Loss: 0.0520  TrainAUC: 0.9992  ValAUC: 0.9714  TestAUC: 0.9413  TestAUPR: 0.5773  (patience 4288/100)
2026-06-09 02:26:40,899 - INFO - Epoch 4800  Loss: 0.0487  TrainAUC: 0.9993  ValAUC: 0.9709  TestAUC: 0.9397  TestAUPR: 0.5674  (patience 4338/100)
2026-06-09 02:27:39,692 - INFO - Epoch 4850  Loss: 0.0573  TrainAUC: 0.9991  ValAUC: 0.9740  TestAUC: 0.9433  TestAUPR: 0.5674  (patience 4388/100)
2026-06-09 02:28:38,887 - INFO - Epoch 4900  Loss: 0.0547  TrainAUC: 0.9991  ValAUC: 0.9714  TestAUC: 0.9423  TestAUPR: 0.5637  (patience 4438/100)
2026-06-09 02:29:38,614 - INFO - Epoch 4950  Loss: 0.0448  TrainAUC: 0.9993  ValAUC: 0.9693  TestAUC: 0.9404  TestAUPR: 0.5524  (patience 4488/100)
2026-06-09 02:30:36,999 - INFO - Epoch 5000  Loss: 0.0440  TrainAUC: 0.9993  ValAUC: 0.9718  TestAUC: 0.9396  TestAUPR: 0.5549  (patience 4538/100)
2026-06-09 02:30:39,077 - INFO - Fold 4 FINAL  AUC: 0.9488  AUPR: 0.4345
2026-06-09 02:30:39,088 - INFO - 
------------------------------------------------------------
2026-06-09 02:30:39,088 - INFO - 5-Fold CV  |  Fold 5
2026-06-09 02:30:39,088 - INFO - ------------------------------------------------------------
2026-06-09 02:30:39,624 - INFO - Graph: Graph(num_nodes={'disease': 409, 'drug': 663},
      num_edges={('disease', 'di_di', 'disease'): 6507, ('disease', 'di_dr', 'drug'): 2532, ('drug', 'dr_di', 'disease'): 2532, ('drug', 'dr_dr', 'drug'): 10582},
      metagraph=[('disease', 'disease', 'di_di'), ('disease', 'drug', 'di_dr'), ('drug', 'disease', 'dr_di'), ('drug', 'drug', 'dr_dr')])
2026-06-09 02:30:39,867 - INFO - Train pairs: 195240  |  Val pairs: 21694  |  Test pairs: 54233
2026-06-09 02:30:39,901 - INFO - Model parameters: 905,987
2026-06-09 02:30:39,904 - INFO - BCE pos_weight: 106.075
2026-06-09 02:31:39,498 - INFO - Epoch   50  Loss: 0.9965  TrainAUC: 0.8373  ValAUC: 0.8871  TestAUC: 0.8343  TestAUPR: 0.1316  (patience 1/100)
2026-06-09 02:32:39,319 - INFO - Epoch  100  Loss: 0.6580  TrainAUC: 0.9414  ValAUC: 0.9585  TestAUC: 0.9153  TestAUPR: 0.2880  (patience 8/100)
2026-06-09 02:33:37,932 - INFO - Epoch  150  Loss: 0.4092  TrainAUC: 0.9731  ValAUC: 0.9777  TestAUC: 0.9334  TestAUPR: 0.3458  (patience 0/100)
2026-06-09 02:34:36,906 - INFO - Epoch  200  Loss: 0.3422  TrainAUC: 0.9805  ValAUC: 0.9782  TestAUC: 0.9419  TestAUPR: 0.3848  (patience 36/100)
2026-06-09 02:35:36,051 - INFO - Epoch  250  Loss: 0.2811  TrainAUC: 0.9857  ValAUC: 0.9811  TestAUC: 0.9469  TestAUPR: 0.4011  (patience 17/100)
2026-06-09 02:36:34,820 - INFO - Epoch  300  Loss: 0.2452  TrainAUC: 0.9888  ValAUC: 0.9818  TestAUC: 0.9478  TestAUPR: 0.4547  (patience 11/100)
2026-06-09 02:37:33,000 - INFO - Epoch  350  Loss: 0.2186  TrainAUC: 0.9910  ValAUC: 0.9839  TestAUC: 0.9482  TestAUPR: 0.4850  (patience 24/100)
2026-06-09 02:38:31,531 - INFO - Epoch  400  Loss: 0.2131  TrainAUC: 0.9916  ValAUC: 0.9834  TestAUC: 0.9493  TestAUPR: 0.4974  (patience 74/100)
2026-06-09 02:39:30,055 - INFO - Epoch  450  Loss: 0.1824  TrainAUC: 0.9934  ValAUC: 0.9840  TestAUC: 0.9489  TestAUPR: 0.5062  (patience 124/100)
2026-06-09 02:40:28,082 - INFO - Epoch  500  Loss: 0.1998  TrainAUC: 0.9926  ValAUC: 0.9828  TestAUC: 0.9495  TestAUPR: 0.5145  (patience 174/100)
2026-06-09 02:41:24,878 - INFO - Epoch  550  Loss: 0.1651  TrainAUC: 0.9945  ValAUC: 0.9828  TestAUC: 0.9480  TestAUPR: 0.5200  (patience 224/100)
2026-06-09 02:42:22,256 - INFO - Epoch  600  Loss: 0.1645  TrainAUC: 0.9944  ValAUC: 0.9823  TestAUC: 0.9480  TestAUPR: 0.5409  (patience 274/100)
2026-06-09 02:43:21,278 - INFO - Epoch  650  Loss: 0.1544  TrainAUC: 0.9950  ValAUC: 0.9815  TestAUC: 0.9480  TestAUPR: 0.5412  (patience 324/100)
2026-06-09 02:44:21,186 - INFO - Epoch  700  Loss: 0.1506  TrainAUC: 0.9953  ValAUC: 0.9827  TestAUC: 0.9489  TestAUPR: 0.5455  (patience 374/100)
2026-06-09 02:45:18,681 - INFO - Epoch  750  Loss: 0.1391  TrainAUC: 0.9958  ValAUC: 0.9780  TestAUC: 0.9461  TestAUPR: 0.5472  (patience 424/100)
2026-06-09 02:46:16,544 - INFO - Epoch  800  Loss: 0.1468  TrainAUC: 0.9955  ValAUC: 0.9800  TestAUC: 0.9436  TestAUPR: 0.5650  (patience 474/100)
2026-06-09 02:47:14,474 - INFO - Epoch  850  Loss: 0.1378  TrainAUC: 0.9959  ValAUC: 0.9792  TestAUC: 0.9458  TestAUPR: 0.5642  (patience 524/100)
2026-06-09 02:48:13,728 - INFO - Epoch  900  Loss: 0.1295  TrainAUC: 0.9962  ValAUC: 0.9805  TestAUC: 0.9478  TestAUPR: 0.5684  (patience 574/100)
2026-06-09 02:49:11,916 - INFO - Epoch  950  Loss: 0.1231  TrainAUC: 0.9965  ValAUC: 0.9791  TestAUC: 0.9455  TestAUPR: 0.5734  (patience 624/100)
2026-06-09 02:50:11,695 - INFO - Epoch 1000  Loss: 0.1212  TrainAUC: 0.9966  ValAUC: 0.9793  TestAUC: 0.9465  TestAUPR: 0.5838  (patience 674/100)
2026-06-09 02:51:10,564 - INFO - Epoch 1050  Loss: 0.1268  TrainAUC: 0.9964  ValAUC: 0.9787  TestAUC: 0.9469  TestAUPR: 0.5791  (patience 724/100)
2026-06-09 02:52:09,568 - INFO - Epoch 1100  Loss: 0.1213  TrainAUC: 0.9966  ValAUC: 0.9755  TestAUC: 0.9453  TestAUPR: 0.5789  (patience 774/100)
2026-06-09 02:53:06,048 - INFO - Epoch 1150  Loss: 0.1227  TrainAUC: 0.9966  ValAUC: 0.9768  TestAUC: 0.9481  TestAUPR: 0.5875  (patience 824/100)
2026-06-09 02:54:04,930 - INFO - Epoch 1200  Loss: 0.1201  TrainAUC: 0.9967  ValAUC: 0.9763  TestAUC: 0.9473  TestAUPR: 0.5693  (patience 874/100)
2026-06-09 02:55:03,093 - INFO - Epoch 1250  Loss: 0.1135  TrainAUC: 0.9970  ValAUC: 0.9770  TestAUC: 0.9481  TestAUPR: 0.5846  (patience 924/100)
2026-06-09 02:55:58,071 - INFO - Epoch 1300  Loss: 0.1125  TrainAUC: 0.9971  ValAUC: 0.9767  TestAUC: 0.9454  TestAUPR: 0.5815  (patience 974/100)
2026-06-09 02:56:57,289 - INFO - Epoch 1350  Loss: 0.1188  TrainAUC: 0.9968  ValAUC: 0.9749  TestAUC: 0.9458  TestAUPR: 0.5882  (patience 1024/100)
2026-06-09 02:57:55,814 - INFO - Epoch 1400  Loss: 0.1082  TrainAUC: 0.9972  ValAUC: 0.9770  TestAUC: 0.9466  TestAUPR: 0.6035  (patience 1074/100)
2026-06-09 02:58:55,395 - INFO - Epoch 1450  Loss: 0.0953  TrainAUC: 0.9976  ValAUC: 0.9729  TestAUC: 0.9441  TestAUPR: 0.5899  (patience 1124/100)
2026-06-09 02:59:55,463 - INFO - Epoch 1500  Loss: 0.1069  TrainAUC: 0.9971  ValAUC: 0.9763  TestAUC: 0.9460  TestAUPR: 0.5885  (patience 1174/100)
2026-06-09 03:00:53,469 - INFO - Epoch 1550  Loss: 0.0991  TrainAUC: 0.9976  ValAUC: 0.9770  TestAUC: 0.9484  TestAUPR: 0.5977  (patience 1224/100)
2026-06-09 03:01:50,301 - INFO - Epoch 1600  Loss: 0.0936  TrainAUC: 0.9977  ValAUC: 0.9764  TestAUC: 0.9482  TestAUPR: 0.6033  (patience 1274/100)
2026-06-09 03:02:48,407 - INFO - Epoch 1650  Loss: 0.1076  TrainAUC: 0.9975  ValAUC: 0.9745  TestAUC: 0.9472  TestAUPR: 0.5979  (patience 1324/100)
2026-06-09 03:03:47,805 - INFO - Epoch 1700  Loss: 0.0971  TrainAUC: 0.9977  ValAUC: 0.9717  TestAUC: 0.9465  TestAUPR: 0.5997  (patience 1374/100)
2026-06-09 03:04:47,977 - INFO - Epoch 1750  Loss: 0.0950  TrainAUC: 0.9978  ValAUC: 0.9747  TestAUC: 0.9451  TestAUPR: 0.6070  (patience 1424/100)
2026-06-09 03:05:45,846 - INFO - Epoch 1800  Loss: 0.1020  TrainAUC: 0.9978  ValAUC: 0.9734  TestAUC: 0.9454  TestAUPR: 0.6074  (patience 1474/100)
2026-06-09 03:06:42,271 - INFO - Epoch 1850  Loss: 0.0883  TrainAUC: 0.9980  ValAUC: 0.9678  TestAUC: 0.9462  TestAUPR: 0.6050  (patience 1524/100)
2026-06-09 03:07:41,645 - INFO - Epoch 1900  Loss: 0.1042  TrainAUC: 0.9979  ValAUC: 0.9722  TestAUC: 0.9483  TestAUPR: 0.6104  (patience 1574/100)
2026-06-09 03:08:39,895 - INFO - Epoch 1950  Loss: 0.0961  TrainAUC: 0.9980  ValAUC: 0.9727  TestAUC: 0.9483  TestAUPR: 0.5946  (patience 1624/100)
2026-06-09 03:09:39,337 - INFO - Epoch 2000  Loss: 0.0847  TrainAUC: 0.9982  ValAUC: 0.9697  TestAUC: 0.9444  TestAUPR: 0.6046  (patience 1674/100)
2026-06-09 03:10:37,935 - INFO - Epoch 2050  Loss: 0.0815  TrainAUC: 0.9981  ValAUC: 0.9715  TestAUC: 0.9461  TestAUPR: 0.6122  (patience 1724/100)
2026-06-09 03:11:36,194 - INFO - Epoch 2100  Loss: 0.0826  TrainAUC: 0.9982  ValAUC: 0.9712  TestAUC: 0.9454  TestAUPR: 0.6150  (patience 1774/100)
2026-06-09 03:12:40,642 - INFO - Epoch 2150  Loss: 0.0826  TrainAUC: 0.9983  ValAUC: 0.9669  TestAUC: 0.9459  TestAUPR: 0.6137  (patience 1824/100)
2026-06-09 03:13:42,465 - INFO - Epoch 2200  Loss: 0.0749  TrainAUC: 0.9983  ValAUC: 0.9690  TestAUC: 0.9453  TestAUPR: 0.6117  (patience 1874/100)
2026-06-09 03:14:40,025 - INFO - Epoch 2250  Loss: 0.0877  TrainAUC: 0.9982  ValAUC: 0.9689  TestAUC: 0.9451  TestAUPR: 0.6184  (patience 1924/100)
2026-06-09 03:15:32,071 - INFO - Epoch 2300  Loss: 0.0869  TrainAUC: 0.9981  ValAUC: 0.9688  TestAUC: 0.9447  TestAUPR: 0.6085  (patience 1974/100)
2026-06-09 03:16:25,209 - INFO - Epoch 2350  Loss: 0.0730  TrainAUC: 0.9984  ValAUC: 0.9717  TestAUC: 0.9458  TestAUPR: 0.6212  (patience 2024/100)
2026-06-09 03:17:16,528 - INFO - Epoch 2400  Loss: 0.0828  TrainAUC: 0.9984  ValAUC: 0.9690  TestAUC: 0.9465  TestAUPR: 0.6230  (patience 2074/100)
2026-06-09 03:18:09,067 - INFO - Epoch 2450  Loss: 0.0675  TrainAUC: 0.9987  ValAUC: 0.9681  TestAUC: 0.9481  TestAUPR: 0.6248  (patience 2124/100)
2026-06-09 03:19:00,372 - INFO - Epoch 2500  Loss: 0.0716  TrainAUC: 0.9986  ValAUC: 0.9686  TestAUC: 0.9459  TestAUPR: 0.6139  (patience 2174/100)
2026-06-09 03:19:51,404 - INFO - Epoch 2550  Loss: 0.0808  TrainAUC: 0.9984  ValAUC: 0.9680  TestAUC: 0.9460  TestAUPR: 0.6234  (patience 2224/100)
2026-06-09 03:20:42,477 - INFO - Epoch 2600  Loss: 0.0770  TrainAUC: 0.9985  ValAUC: 0.9673  TestAUC: 0.9449  TestAUPR: 0.6212  (patience 2274/100)
2026-06-09 03:21:33,838 - INFO - Epoch 2650  Loss: 0.0695  TrainAUC: 0.9987  ValAUC: 0.9661  TestAUC: 0.9460  TestAUPR: 0.6321  (patience 2324/100)
2026-06-09 03:22:25,689 - INFO - Epoch 2700  Loss: 0.0694  TrainAUC: 0.9986  ValAUC: 0.9655  TestAUC: 0.9464  TestAUPR: 0.6236  (patience 2374/100)
2026-06-09 03:23:17,021 - INFO - Epoch 2750  Loss: 0.0697  TrainAUC: 0.9987  ValAUC: 0.9625  TestAUC: 0.9458  TestAUPR: 0.6315  (patience 2424/100)
2026-06-09 03:24:08,875 - INFO - Epoch 2800  Loss: 0.0735  TrainAUC: 0.9986  ValAUC: 0.9649  TestAUC: 0.9457  TestAUPR: 0.6234  (patience 2474/100)
2026-06-09 03:25:00,622 - INFO - Epoch 2850  Loss: 0.0634  TrainAUC: 0.9988  ValAUC: 0.9698  TestAUC: 0.9443  TestAUPR: 0.6153  (patience 2524/100)
2026-06-09 03:25:51,946 - INFO - Epoch 2900  Loss: 0.0738  TrainAUC: 0.9986  ValAUC: 0.9652  TestAUC: 0.9447  TestAUPR: 0.6268  (patience 2574/100)
2026-06-09 03:26:43,793 - INFO - Epoch 2950  Loss: 0.0671  TrainAUC: 0.9988  ValAUC: 0.9647  TestAUC: 0.9448  TestAUPR: 0.6298  (patience 2624/100)
2026-06-09 03:27:36,034 - INFO - Epoch 3000  Loss: 0.0699  TrainAUC: 0.9987  ValAUC: 0.9651  TestAUC: 0.9439  TestAUPR: 0.6308  (patience 2674/100)
2026-06-09 03:28:27,788 - INFO - Epoch 3050  Loss: 0.0653  TrainAUC: 0.9988  ValAUC: 0.9640  TestAUC: 0.9457  TestAUPR: 0.6237  (patience 2724/100)
2026-06-09 03:29:19,223 - INFO - Epoch 3100  Loss: 0.0693  TrainAUC: 0.9987  ValAUC: 0.9664  TestAUC: 0.9480  TestAUPR: 0.6284  (patience 2774/100)
2026-06-09 03:30:10,516 - INFO - Epoch 3150  Loss: 0.0766  TrainAUC: 0.9987  ValAUC: 0.9639  TestAUC: 0.9456  TestAUPR: 0.6200  (patience 2824/100)
2026-06-09 03:31:01,744 - INFO - Epoch 3200  Loss: 0.0612  TrainAUC: 0.9988  ValAUC: 0.9641  TestAUC: 0.9457  TestAUPR: 0.6266  (patience 2874/100)
2026-06-09 03:31:53,471 - INFO - Epoch 3250  Loss: 0.0641  TrainAUC: 0.9988  ValAUC: 0.9641  TestAUC: 0.9459  TestAUPR: 0.6423  (patience 2924/100)
2026-06-09 03:32:44,980 - INFO - Epoch 3300  Loss: 0.0558  TrainAUC: 0.9990  ValAUC: 0.9616  TestAUC: 0.9460  TestAUPR: 0.6368  (patience 2974/100)
2026-06-09 03:33:36,121 - INFO - Epoch 3350  Loss: 0.0589  TrainAUC: 0.9990  ValAUC: 0.9592  TestAUC: 0.9438  TestAUPR: 0.6363  (patience 3024/100)
2026-06-09 03:34:27,605 - INFO - Epoch 3400  Loss: 0.0616  TrainAUC: 0.9989  ValAUC: 0.9629  TestAUC: 0.9463  TestAUPR: 0.6261  (patience 3074/100)
2026-06-09 03:35:19,274 - INFO - Epoch 3450  Loss: 0.0548  TrainAUC: 0.9991  ValAUC: 0.9619  TestAUC: 0.9441  TestAUPR: 0.6334  (patience 3124/100)
2026-06-09 03:36:10,577 - INFO - Epoch 3500  Loss: 0.0605  TrainAUC: 0.9990  ValAUC: 0.9590  TestAUC: 0.9425  TestAUPR: 0.6301  (patience 3174/100)
2026-06-09 03:37:01,940 - INFO - Epoch 3550  Loss: 0.0605  TrainAUC: 0.9990  ValAUC: 0.9625  TestAUC: 0.9434  TestAUPR: 0.6287  (patience 3224/100)
2026-06-09 03:37:53,369 - INFO - Epoch 3600  Loss: 0.0633  TrainAUC: 0.9989  ValAUC: 0.9607  TestAUC: 0.9441  TestAUPR: 0.6371  (patience 3274/100)
2026-06-09 03:38:44,911 - INFO - Epoch 3650  Loss: 0.0608  TrainAUC: 0.9990  ValAUC: 0.9570  TestAUC: 0.9420  TestAUPR: 0.6370  (patience 3324/100)
2026-06-09 03:39:35,825 - INFO - Epoch 3700  Loss: 0.0607  TrainAUC: 0.9990  ValAUC: 0.9609  TestAUC: 0.9436  TestAUPR: 0.6343  (patience 3374/100)
2026-06-09 03:40:27,065 - INFO - Epoch 3750  Loss: 0.0605  TrainAUC: 0.9989  ValAUC: 0.9604  TestAUC: 0.9426  TestAUPR: 0.6371  (patience 3424/100)
2026-06-09 03:41:18,755 - INFO - Epoch 3800  Loss: 0.0580  TrainAUC: 0.9991  ValAUC: 0.9635  TestAUC: 0.9439  TestAUPR: 0.6368  (patience 3474/100)
2026-06-09 03:42:09,914 - INFO - Epoch 3850  Loss: 0.0570  TrainAUC: 0.9991  ValAUC: 0.9571  TestAUC: 0.9446  TestAUPR: 0.6377  (patience 3524/100)
2026-06-09 03:43:00,960 - INFO - Epoch 3900  Loss: 0.0531  TrainAUC: 0.9992  ValAUC: 0.9582  TestAUC: 0.9441  TestAUPR: 0.6453  (patience 3574/100)
2026-06-09 03:43:52,134 - INFO - Epoch 3950  Loss: 0.0610  TrainAUC: 0.9991  ValAUC: 0.9601  TestAUC: 0.9441  TestAUPR: 0.6383  (patience 3624/100)
2026-06-09 03:44:43,344 - INFO - Epoch 4000  Loss: 0.0503  TrainAUC: 0.9992  ValAUC: 0.9624  TestAUC: 0.9453  TestAUPR: 0.6310  (patience 3674/100)
2026-06-09 03:45:35,200 - INFO - Epoch 4050  Loss: 0.0560  TrainAUC: 0.9990  ValAUC: 0.9626  TestAUC: 0.9441  TestAUPR: 0.6356  (patience 3724/100)
2026-06-09 03:46:26,878 - INFO - Epoch 4100  Loss: 0.0476  TrainAUC: 0.9993  ValAUC: 0.9590  TestAUC: 0.9441  TestAUPR: 0.6317  (patience 3774/100)
2026-06-09 03:47:17,950 - INFO - Epoch 4150  Loss: 0.0531  TrainAUC: 0.9991  ValAUC: 0.9596  TestAUC: 0.9456  TestAUPR: 0.6331  (patience 3824/100)
2026-06-09 03:48:09,169 - INFO - Epoch 4200  Loss: 0.0532  TrainAUC: 0.9991  ValAUC: 0.9635  TestAUC: 0.9418  TestAUPR: 0.6362  (patience 3874/100)
2026-06-09 03:49:00,883 - INFO - Epoch 4250  Loss: 0.0544  TrainAUC: 0.9992  ValAUC: 0.9547  TestAUC: 0.9416  TestAUPR: 0.6461  (patience 3924/100)
2026-06-09 03:49:55,868 - INFO - Epoch 4300  Loss: 0.0483  TrainAUC: 0.9993  ValAUC: 0.9564  TestAUC: 0.9425  TestAUPR: 0.6296  (patience 3974/100)
2026-06-09 03:50:49,516 - INFO - Epoch 4350  Loss: 0.0547  TrainAUC: 0.9992  ValAUC: 0.9591  TestAUC: 0.9421  TestAUPR: 0.6342  (patience 4024/100)
2026-06-09 03:51:45,999 - INFO - Epoch 4400  Loss: 0.0471  TrainAUC: 0.9993  ValAUC: 0.9605  TestAUC: 0.9445  TestAUPR: 0.6397  (patience 4074/100)
2026-06-09 03:52:40,772 - INFO - Epoch 4450  Loss: 0.0506  TrainAUC: 0.9992  ValAUC: 0.9573  TestAUC: 0.9417  TestAUPR: 0.6373  (patience 4124/100)
2026-06-09 03:53:38,063 - INFO - Epoch 4500  Loss: 0.0454  TrainAUC: 0.9994  ValAUC: 0.9605  TestAUC: 0.9444  TestAUPR: 0.6306  (patience 4174/100)
2026-06-09 03:54:32,760 - INFO - Epoch 4550  Loss: 0.0501  TrainAUC: 0.9993  ValAUC: 0.9518  TestAUC: 0.9413  TestAUPR: 0.6378  (patience 4224/100)
2026-06-09 03:55:27,755 - INFO - Epoch 4600  Loss: 0.0514  TrainAUC: 0.9992  ValAUC: 0.9549  TestAUC: 0.9419  TestAUPR: 0.6472  (patience 4274/100)
2026-06-09 03:56:24,644 - INFO - Epoch 4650  Loss: 0.0472  TrainAUC: 0.9993  ValAUC: 0.9562  TestAUC: 0.9412  TestAUPR: 0.6402  (patience 4324/100)
2026-06-09 03:57:21,979 - INFO - Epoch 4700  Loss: 0.0494  TrainAUC: 0.9993  ValAUC: 0.9577  TestAUC: 0.9403  TestAUPR: 0.6386  (patience 4374/100)
2026-06-09 03:58:16,124 - INFO - Epoch 4750  Loss: 0.0465  TrainAUC: 0.9993  ValAUC: 0.9570  TestAUC: 0.9386  TestAUPR: 0.6316  (patience 4424/100)
2026-06-09 03:59:09,848 - INFO - Epoch 4800  Loss: 0.0550  TrainAUC: 0.9992  ValAUC: 0.9590  TestAUC: 0.9429  TestAUPR: 0.6413  (patience 4474/100)
2026-06-09 04:00:03,105 - INFO - Epoch 4850  Loss: 0.0445  TrainAUC: 0.9994  ValAUC: 0.9566  TestAUC: 0.9418  TestAUPR: 0.6284  (patience 4524/100)
2026-06-09 04:01:01,227 - INFO - Epoch 4900  Loss: 0.0613  TrainAUC: 0.9992  ValAUC: 0.9606  TestAUC: 0.9414  TestAUPR: 0.6420  (patience 4574/100)
2026-06-09 04:01:57,722 - INFO - Epoch 4950  Loss: 0.0489  TrainAUC: 0.9993  ValAUC: 0.9533  TestAUC: 0.9413  TestAUPR: 0.6437  (patience 4624/100)
2026-06-09 04:02:53,095 - INFO - Epoch 5000  Loss: 0.0498  TrainAUC: 0.9993  ValAUC: 0.9538  TestAUC: 0.9416  TestAUPR: 0.6515  (patience 4674/100)
2026-06-09 04:02:55,089 - INFO - Fold 5 FINAL  AUC: 0.9505  AUPR: 0.4695
2026-06-09 04:03:58,137 - INFO - 
============================================================
2026-06-09 04:03:58,155 - INFO - OVERALL  AUC: 0.9468  AUPR: 0.4490  Acc: 0.9898  F1: 0.4748  Prec: 0.4569  Recall: 0.4941
2026-06-09 04:03:58,155 - INFO - ============================================================
2026-06-09 04:04:01,941 - INFO - 
Done.  Results saved to: ../result\GAT\Cdataset_graph_ae_ChemBERTa_5000_0.4_128\0
